id,first_name,last_name,email,phone
009480d1-9f00-44fa-87e4-a54c64bc30f3,Annie,Baumbach,annie.baumbach@corp.com,651-739-2481
00c44bf7-3f8d-4212-807a-12ab52efd73c,Everardo,Kreiger,everardo.kreiger@corp.com,181-039-6742
011d5f87-7379-463b-8aa8-4b8bf9f968b6,Jordon,Hettinger,jordon.hettinger@corp.com,510-293-8467
0156f51d-a2e3-4a69-abbd-13366569e907,Horace,Swift,horace.swift@corp.com,461-102-8957
0179b8b9-4de8-4c4c-aa39-094dd297df96,Willie,Frami,willie.frami@corp.com,239-871-1045
01b2fdcb-e439-4dd4-9dfe-6fd1562c83c0,Brandy,Pouros,brandy.pouros@corp.com,461-092-7538
01b3ddc6-7202-4cff-acba-618363d453a8,Lavada,Lindgren,lavada.lindgren@corp.com,251-104-6938
01dc4641-7d9c-478b-860d-ed6b45961644,Vanessa,Lesch,vanessa.lesch@corp.com,815-742-6910
01e24d45-930e-42a5-8949-8dd87aa1da21,Aylin,Nicolas,aylin.nicolas@corp.com,108-215-9374
01e981cc-9e81-4262-8c70-b0c06dece983,Demond,Blick,demond.blick@corp.com,456-892-7110
01f62ff8-a7b4-4358-a1b0-879473d76788,Kirsten,Towne,kirsten.towne@corp.com,248-791-5103
0252ca8d-01d3-495e-9fa2-13c55db46ad0,Alta,Friesen,alta.friesen@corp.com,451-086-3917
029f62c1-f940-440c-aaa8-136d9bef2500,Camron,Macejkovic,camron.macejkovic@corp.com,134-910-6782
02d0db83-98ea-4001-8dbe-857d562af0e9,Karianne,Green,karianne.green@corp.com,310-842-5917
03925092-c7c4-4afb-af28-dec72d62b5cf,Turner,Jacobi,turner.jacobi@corp.com,587-431-6102
04e6ff4c-f6cb-4fd9-ac56-f44d2868b5fa,Dee,Hauck,dee.hauck@corp.com,941-710-3526
04eb95a2-e6bb-4daf-bc9a-0a61ec465921,Cordell,Fay,cordell.fay@corp.com,625-311-0894
053a618e-508f-4531-b933-7935723096e0,Eleonore,Jerde,eleonore.jerde@corp.com,958-761-0342
05939b3c-4d87-4cab-ad4c-d609c2500ee4,Lisa,Fisher,lisa.fisher@corp.com,139-510-7682
065441e7-78f4-4df7-b017-16ae88d32b7d,Evie,Pouros,evie.pouros@corp.com,681-410-5397
065a6840-0335-4095-8674-f1a0c7d9a398,Coleman,Altenwerth,coleman.altenwerth@corp.com,110-283-4579
065e2033-af6e-41aa-9747-49805dbd30ea,Charlie,Price,charlie.price@corp.com,541-036-8127
0673b4f3-730a-4a7f-b2a5-b5b6872555ec,Jaleel,Hoeger,jaleel.hoeger@corp.com,921-036-7148
0675f9f2-872e-43b1-897b-75fa01e65098,Everardo,Borer,everardo.borer@corp.com,298-657-1310
06c69b72-9752-4fdb-813a-6a0ea28c343c,Patricia,O'Hara,patricia.o'hara@corp.com,521-710-9836
06dcaa6a-5964-4761-a1d4-8b85734710c6,Abraham,Kulas,abraham.kulas@corp.com,135-927-1084
06f7d249-3aaf-42ad-99a5-f2a010f4b10f,Anna,McDermott,anna.mcdermott@corp.com,761-891-0253
0751eca8-2d79-4d99-9dc6-86dae807e19b,Harold,Osinski,harold.osinski@corp.com,108-973-4125
07972d38-1885-4e99-bda7-22d1e4f86d13,Everette,Strosin,everette.strosin@corp.com,827-936-1041
07bc1a3c-6bbb-46b7-9cbd-de6c2ae71687,Toni,Wilderman,toni.wilderman@corp.com,689-107-3145
08b23d86-142e-4118-b6ff-b2d0ad79ca3b,Glenna,Thompson,glenna.thompson@corp.com,531-948-7210
08ca3ad9-d975-40b6-b355-985fe9207d58,Vella,Borer,vella.borer@corp.com,102-835-6917
093a077a-e10e-4612-ad1f-7bf286438045,Aidan,Wisoky,aidan.wisoky@corp.com,841-062-7531
09681c79-232b-4327-b228-73ad3933305f,Fabian,Wisoky,fabian.wisoky@corp.com,854-127-1039
09a07f63-01ab-4582-bb6a-b755db04299b,Elliott,Gusikowski,elliott.gusikowski@corp.com,971-083-1452
09e21829-1b73-4ebf-b55b-fc7715aece94,Toby,Muller,toby.muller@corp.com,839-510-2461
0a150189-4e48-4853-a45d-fd6589de96f4,Stephania,Schroeder,stephania.schroeder@corp.com,546-798-2101
0a75b868-3e87-45cc-89db-be7097d4fb32,Alta,Hilpert,alta.hilpert@corp.com,210-549-1763
0aa80f34-cde1-4544-a465-978f6c008795,Albertha,Barrows,albertha.barrows@corp.com,875-621-0349
0ac10895-7914-43ab-9564-c84b4ee5b31f,Electa,Feeney,electa.feeney@corp.com,682-541-7103
0aca4a24-58f7-4a9a-a0f1-7d26674180e3,Tyler,Torp,tyler.torp@corp.com,653-248-9171
0b55fba9-4e25-4899-8803-191672f40a9e,Winfield,Jacobs,winfield.jacobs@corp.com,971-541-0283
0c325b4e-6728-4a8b-b351-03866c297188,Zelma,Jakubowski,zelma.jakubowski@corp.com,710-489-1356
0c4b042d-d3b0-4ce5-a4af-610c725cf143,Melissa,Hermiston,melissa.hermiston@corp.com,129-376-5810
0c5b87c9-74a3-4e52-a8e0-2cd086479af9,Raheem,Weissnat,raheem.weissnat@corp.com,725-104-6138
0c98ba87-5714-4403-aab8-8fb02df5febf,Isac,Anderson,isac.anderson@corp.com,348-257-9101
0c9c411e-25d2-44e2-a449-6a6382ac223f,Alexandrea,Bogisich,alexandrea.bogisich@corp.com,810-723-6941
0cfaab95-fdbd-4517-92f2-c0f997fa61ea,Graham,Gibson,graham.gibson@corp.com,423-101-7968
0d176a38-9093-4943-bda3-4ec2df82f796,Antonette,Stokes,antonette.stokes@corp.com,659-834-1072
0d346edb-dc9b-4e8f-a14b-f6ecf4759122,Cortez,Legros,cortez.legros@corp.com,982-611-0573
0d54d5e5-380a-4090-b585-a6d07ff54bff,Ona,McLaughlin,ona.mclaughlin@corp.com,527-610-9143
0da2e804-7a71-48a3-a57b-55eea6c9dde3,Halle,West,halle.west@corp.com,964-275-8110
0dbc19ee-982b-47fd-88b9-c604df0477b4,Jamal,Romaguera,jamal.romaguera@corp.com,713-492-8651
0de395ab-6499-4d8c-85a5-8f608f49d2d7,Lauren,Stark,lauren.stark@corp.com,451-019-3786
0e36c728-bba7-41d8-9fc5-f64ad7203c4c,Russel,Donnelly,russel.donnelly@corp.com,327-816-1059
0e8843b7-6794-447b-a204-596ee2758b45,Orville,Hayes,orville.hayes@corp.com,710-593-4682
0e8c231a-7552-4ab6-8ae9-9d1374418b94,Schuyler,Glover,schuyler.glover@corp.com,354-109-7268
0ec50063-25d1-46a6-8419-31b70f132c49,Maddison,Bednar,maddison.bednar@corp.com,419-572-8103
0ec73930-7f6b-45f2-8a47-3a9c6f534be2,Stephen,Wilkinson,stephen.wilkinson@corp.com,104-723-8965
0ed7f3f3-824e-4287-a729-25c5d62448ae,Madilyn,Wuckert,madilyn.wuckert@corp.com,104-368-2751
0ed8a8d5-39b7-4d14-8f0e-93d617d006be,Jana,Luettgen,jana.luettgen@corp.com,287-196-4531
0edfbc15-ee6c-42bf-a0e6-deb130366f81,Harold,Satterfield,harold.satterfield@corp.com,324-105-6789
0f1ab36a-a36a-4159-a0b1-e2a25b04c6e6,Obie,Nader,obie.nader@corp.com,123-610-7984
0f1f95c6-d5b3-454b-80b2-6486b6452957,Seamus,Lowe,seamus.lowe@corp.com,410-812-5367
0f5274f0-550d-4f1a-ba0a-0ffd2448ab64,Aaliyah,Jaskolski,aaliyah.jaskolski@corp.com,721-093-4186
104aca07-b7d6-4ade-ad32-4c8e5e39bc01,Bobby,McCullough,bobby.mccullough@corp.com,510-629-4781
10b5d6f0-7abd-4532-8824-b5b45f0bfb5d,Alanis,Hodkiewicz,alanis.hodkiewicz@corp.com,617-954-1038
10d1fd2c-98cd-4b78-9845-ab9c4af8366a,Oscar,Cassin,oscar.cassin@corp.com,748-310-6519
10fe3859-b530-4fd3-a788-df74a323e5be,Aaliyah,Ritchie,aaliyah.ritchie@corp.com,384-105-1267
111704af-b3c7-4994-8805-b601fe1f3cf1,Myrtice,Gutkowski,myrtice.gutkowski@corp.com,610-215-8473
115a43a2-5372-4336-bc84-313af6ec8289,Valentina,Lubowitz,valentina.lubowitz@corp.com,529-817-4610
1175fd5c-35a5-45c9-abb3-0fd45bc297a5,Muriel,Jacobi,muriel.jacobi@corp.com,148-739-2510
11e92b14-5098-4d60-a45f-53483898a07f,Patience,Osinski,patience.osinski@corp.com,106-197-4385
11ecbf9f-6102-424a-88ba-aa481c44e8bf,Priscilla,Mohr,priscilla.mohr@corp.com,643-529-1081
11ff5420-34c9-43ec-9c7d-70a5e85dbc60,Derrick,Rogahn,derrick.rogahn@corp.com,635-481-0912
1249d830-b142-4c78-a79e-1216a5d08d60,Adele,Lakin,adele.lakin@corp.com,279-615-8341
124e244d-5823-4494-9950-52d995efa951,Ariel,Rice,ariel.rice@corp.com,678-549-2310
127d5f94-7cb5-4867-8aa4-f1e2ad3065cd,Dasia,Ernser,dasia.ernser@corp.com,497-610-3281
12aaf9b6-739c-4e70-bc09-6bb135985706,Xavier,Wolf,xavier.wolf@corp.com,965-108-4327
12bd36d8-1e03-4ca7-96fe-f06483ce3e88,Alexandrea,Graham,alexandrea.graham@corp.com,634-751-9821
12d43793-7669-4e4c-ac66-b45cdb716f50,Curt,Rodriguez,curt.rodriguez@corp.com,836-210-9157
12fd5792-8219-460d-ab61-09d59cf6fe4c,Cyrus,Boehm,cyrus.boehm@corp.com,829-410-7513
12febcb0-553e-419f-a45a-3be7303aa83d,Keyshawn,Johnson,keyshawn.johnson@corp.com,106-482-1397
13038c67-0f31-4b23-a4fd-4359e584b64e,Brycen,Abbott,brycen.abbott@corp.com,342-165-1078
131fead5-e19b-4ed7-9f07-52907209338d,Alexane,Grady,alexane.grady@corp.com,719-632-1045
13219382-57e2-416b-a06f-111768bd2d8c,Myrtis,Mayer,myrtis.mayer@corp.com,275-841-0619
137cb60b-0206-4737-9fed-3ee9fb7bb756,Consuelo,Walker,consuelo.walker@corp.com,579-421-6831
137cc53b-e898-4846-9acb-f196ba9d0efe,Katelyn,Zulauf,katelyn.zulauf@corp.com,110-489-6752
1442d16e-eb24-48de-8e13-caad5374ed15,Kelvin,Krajcik,kelvin.krajcik@corp.com,285-710-4961
1457f25d-84ac-41f9-bc9a-41011c057d40,Kassandra,Rippin,kassandra.rippin@corp.com,531-014-2896
14a01567-c864-4541-b4b4-5ca63e760799,Jayson,Steuber,jayson.steuber@corp.com,589-241-0371
14ae0d0b-19d9-4efc-a713-7fd277922f10,Carlo,Treutel,carlo.treutel@corp.com,761-291-0483
14b6e9ac-4718-4c25-a6f8-cac8d3cce167,Aurelio,Bode,aurelio.bode@corp.com,324-687-1510
156d7bd8-506c-4bd0-b060-ea83c2aee41a,Tremaine,Schmitt,tremaine.schmitt@corp.com,310-876-9512
157c097a-e947-4212-a34a-28ebdde184ad,Victoria,Marks,victoria.marks@corp.com,102-681-9437
15ca126b-8fae-40fa-afd7-2190c9c64d72,Giovanni,Cassin,giovanni.cassin@corp.com,923-681-0751
16075c75-628f-4064-b42f-5eb9a842c81a,Rogelio,Lubowitz,rogelio.lubowitz@corp.com,645-791-3102
16269027-4f58-4f19-a1f7-c7fbe27e32c2,Myah,Maggio,myah.maggio@corp.com,825-164-1073
1670bd12-2937-447c-bb2b-ef7c5783bca7,Deshaun,Rogahn,deshaun.rogahn@corp.com,496-811-0753
176bf2f2-13ea-468a-a76b-b49ba6222c02,Bennett,Rice,bennett.rice@corp.com,751-410-3926
17bce08f-c15c-4d5c-a8e1-f1c114e02d10,Eula,Ritchie,eula.ritchie@corp.com,687-543-2911
17e3cd5f-8b0d-45a4-8377-828c9c221d4a,Erwin,Hagenes,erwin.hagenes@corp.com,483-692-7510
18044a90-9e26-41cc-9231-6be1e006cd70,Kelley,Klein,kelley.klein@corp.com,194-105-6387
1851eac5-0bbb-4ef3-80ce-7322f55fbd43,Sammy,Metz,sammy.metz@corp.com,463-810-9721
1880e992-2c8b-49f8-bdcc-f24d9baa96fa,Karianne,Nader,karianne.nader@corp.com,410-713-2568
18862eb3-f32e-4140-86d1-0ee4e537092c,Kaycee,Jones,kaycee.jones@corp.com,423-581-7691
19c957c0-58e2-4103-b192-5dbcec2d786a,Samson,Fahey,samson.fahey@corp.com,274-810-6359
19ec22ec-909c-498a-b547-bdbf620b7530,Jacques,Fay,jacques.fay@corp.com,591-042-7381
1a9f7193-2e27-4302-bfbc-0aac0ec0f2b2,Annamae,Roob,annamae.roob@corp.com,728-159-6104
1ab1a09a-795c-4aca-9869-6279b5907187,Denis,Steuber,denis.steuber@corp.com,107-835-9126
1ab7590f-f875-4ef3-baf0-ee393f91d208,Alex,Will,alex.will@corp.com,529-871-0613
1ab82059-a7c2-4b0a-a6d0-5dbb05a6ce26,Jovany,Bosco,jovany.bosco@corp.com,921-041-6375
1ab92055-e056-4278-aef9-7513bd5104c6,Julien,Ullrich,julien.ullrich@corp.com,461-051-3928
1ae232ab-1cc3-4ab3-841c-c31e26a1ed08,Jace,Schroeder,jace.schroeder@corp.com,548-937-2101
1b13bbbb-fe06-4b72-af01-2e78ba4072f6,Arnulfo,Tremblay,arnulfo.tremblay@corp.com,824-106-3795
1b2d99de-989e-40f6-b841-4d36484f8b2b,Demetris,Gulgowski,demetris.gulgowski@corp.com,107-981-4325
1b343fbf-2c89-4027-89b0-14196ec2a0f0,Uriah,Walker,uriah.walker@corp.com,210-879-4165
1b79ad00-f525-423a-937c-d618d1dd66d9,Verlie,Jerde,verlie.jerde@corp.com,897-106-5142
1b7f7257-80ef-4cc6-b769-420d78680b90,Nelda,McKenzie,nelda.mckenzie@corp.com,107-248-3165
1b9c8f3c-3252-4b39-8a78-a38eba1b2c45,Khalil,Haag,khalil.haag@corp.com,843-967-1210
1bb282b8-800c-40bc-a91a-389a7466243e,Mckenna,Weissnat,mckenna.weissnat@corp.com,631-759-1042
1bc886d5-d8ad-4581-aad2-e83ff45cf12a,Kaelyn,Koss,kaelyn.koss@corp.com,698-412-5710
1bffab09-2075-42aa-be65-3f6aedce2bf9,Pansy,Veum,pansy.veum@corp.com,847-236-1059
1c9e90e3-1ddf-482b-a2cc-167e96e99d68,Thea,Pollich,thea.pollich@corp.com,109-765-3814
1ccffa59-0711-49af-954b-7a475690d4ef,Emmett,Hodkiewicz,emmett.hodkiewicz@corp.com,710-186-9325
1cf6b826-557e-467a-9eaa-c37c3bd86abc,Dario,Upton,dario.upton@corp.com,510-183-6472
1d2dabe3-d2ca-4052-9aa6-1a13e27dc4c0,Dustin,Harber,dustin.harber@corp.com,679-831-4210
1d48c57c-550f-4ef9-8cc0-3f6b879bb7f6,Rowan,Hammes,rowan.hammes@corp.com,210-476-1938
1d668aa7-b81e-44d3-9601-6b0f652322d7,Felicity,Erdman,felicity.erdman@corp.com,521-698-7103
1d8301ac-568f-485d-ac94-c77a369e3f83,Dimitri,Moore,dimitri.moore@corp.com,748-962-3105
1d909238-11d0-4d48-9bb5-5699c8f88100,Mitchel,Kuhic,mitchel.kuhic@corp.com,912-647-3105
1d9b040d-a84b-4861-861d-9d4cd532d5d2,Clint,Kunze,clint.kunze@corp.com,189-753-2610
1da11fa4-3600-4097-9ce3-5700cd4a0a15,Ivy,Jaskolski,ivy.jaskolski@corp.com,285-410-1936
1dafe3b3-8ac2-49cb-af88-d8fb88f25c33,Princess,Kuhn,princess.kuhn@corp.com,437-268-9151
1dc26bef-ccf6-4cb8-8cf8-922188a58c00,Jamie,Gutmann,jamie.gutmann@corp.com,109-137-8564
1e195b49-50a5-4907-83d0-0ce61a0f53f2,Mozelle,Conn,mozelle.conn@corp.com,952-418-6731
1e68f941-2700-49e7-bab1-d8bc684cb624,Leann,Renner,leann.renner@corp.com,572-416-8103
1ea8e05f-5286-4236-bc14-22f39547adbc,Luigi,D'Amore,luigi.d'amore@corp.com,158-910-3427
1f68a0a9-57a0-496c-befc-afbf2ecc6e60,Kaden,Emmerich,kaden.emmerich@corp.com,259-810-1436
1ff07d13-550a-4880-a581-88c68b19eea5,Coy,Rogahn,coy.rogahn@corp.com,510-478-6923
1ffe3f64-ce30-4d4e-b823-9039d17f6750,Hailie,Wiza,hailie.wiza@corp.com,610-413-2758
201680bd-4d74-445f-bcc5-115b4c4eb732,Pauline,O'Connell,pauline.o'connell@corp.com,968-275-1041
20456d6c-3edf-4c62-a988-7428d980fd3a,Savanna,Marks,savanna.marks@corp.com,210-681-9437
205bb501-9a9c-49c6-a959-ed6d2888f9ae,Michelle,Christiansen,michelle.christiansen@corp.com,479-105-2316
20bcc540-5b1a-4bf8-84ce-9be5f34f2ee3,David,Lynch,david.lynch@corp.com,728-911-0534
2107feda-2588-4880-a0a7-108bc86fa85d,Ernestine,Hand,ernestine.hand@corp.com,637-510-9281
210c7978-a954-4215-9984-cd57b71db865,Jacinto,Senger,jacinto.senger@corp.com,971-610-4283
217156d2-9356-48da-822d-cfd73deed59e,Delphia,Stamm,delphia.stamm@corp.com,759-831-1062
217d32a8-ac7b-4abe-b0d3-ab93c4a62887,Marianne,Kiehn,marianne.kiehn@corp.com,564-281-9371
21bb683e-bc19-4f9b-80e0-d9f9f9493359,Adolphus,Fay,adolphus.fay@corp.com,109-461-8235
21da7cc3-1b61-4741-9cf9-00175b73a629,Adrain,Sporer,adrain.sporer@corp.com,108-391-4675
2249c486-92e2-4307-b744-ce1d14c79218,Giles,Tremblay,giles.tremblay@corp.com,596-241-0831
22b09674-0278-45b6-925c-21254bb8ab9b,Aimee,Reichert,aimee.reichert@corp.com,110-568-3279
22b0cfd1-ba5e-4fb4-9d31-77fb9882e5c6,Bulah,Wiegand,bulah.wiegand@corp.com,251-367-9810
22e1f763-e5cc-4549-bbfe-b78494a36c27,Wayne,Altenwerth,wayne.altenwerth@corp.com,478-519-2631
23006067-08cb-4c4d-81cf-aad09be8bfe9,Christina,Bogisich,christina.bogisich@corp.com,791-052-4861
23388da2-8c72-4773-9b85-1490ac312b5e,Johnathon,Buckridge,johnathon.buckridge@corp.com,572-410-3689
237be30f-cc10-47ac-8273-f6ccd75f31ca,Green,Thompson,green.thompson@corp.com,584-291-0713
23b1d613-c0fa-4f6a-bb92-32db6bfa8036,Justine,Lindgren,justine.lindgren@corp.com,271-105-8364
23b9e26d-a5ea-498e-9855-07c35033edf0,Olga,Hilpert,olga.hilpert@corp.com,263-817-1059
23ba6fca-5af6-4cb9-8ce4-6e6baa5ea0f8,Golda,Turner,golda.turner@corp.com,108-763-4921
2448da04-5fae-4ef4-8eda-ea4ef553c84b,Emil,Kessler,emil.kessler@corp.com,910-716-5834
24763940-fdbf-4735-8b73-2b614aa845de,Vickie,Prohaska,vickie.prohaska@corp.com,328-795-6411
24951a69-cdf4-4750-abcf-e3b04ab3af55,Ned,Hoeger,ned.hoeger@corp.com,432-106-5719
249ee81c-41f0-4d36-ab64-993faa665208,Arlene,Langosh,arlene.langosh@corp.com,571-946-8103
24ab5791-765a-4d78-aacd-0ff02b6de8ff,Elmira,Brekke,elmira.brekke@corp.com,426-810-5973
25254e6b-c5fc-41f4-b902-81cafb6326a1,Lisette,Yundt,lisette.yundt@corp.com,105-289-4673
2616e63e-a0ee-4f88-a3dc-1e32ae38b1f0,Richmond,Rau,richmond.rau@corp.com,495-128-3610
262afc98-1230-4459-ad46-eff296c8d23b,Corbin,Medhurst,corbin.medhurst@corp.com,381-510-6749
26e5461f-d252-4d8e-b700-21fe8c6c2c14,Garfield,Kutch,garfield.kutch@corp.com,325-189-4761
271fc97c-0a5a-4124-946b-710789226610,Rhoda,Ondricka,rhoda.ondricka@corp.com,510-498-7163
2726aa66-6c6d-40e4-8318-85a89fc5adc9,Marques,Hessel,marques.hessel@corp.com,685-102-3971
2732a6ff-d3a5-441f-a1d1-6a773faed4e2,Winston,Bogan,winston.bogan@corp.com,965-713-2810
27dbac5c-b265-4775-be23-a83232bb0924,Katarina,Kozey,katarina.kozey@corp.com,103-972-4658
281d998e-b653-4404-b01f-08ed899e706c,Willa,Veum,willa.veum@corp.com,816-942-5103
286c2f6d-1483-44dd-ae9c-ac08fb029f43,Paige,Breitenberg,paige.breitenberg@corp.com,359-710-1264
2873c2fc-6fcd-4d2c-9386-e3b7c764a191,Verner,Donnelly,verner.donnelly@corp.com,376-518-1024
2889df8a-08db-4e06-9586-6ddbd1b471d6,Penelope,Schumm,penelope.schumm@corp.com,516-281-0493
29dc5470-1ca0-44c7-a9c3-01530b35f20a,Harry,Koss,harry.koss@corp.com,610-428-5197
2a980740-5c62-4eb0-af6f-7c52a387efa6,Kailee,Reichel,kailee.reichel@corp.com,161-057-2893
2b1bf2a0-f7d0-4e4f-b177-7b58b1d3eb47,Andreanne,Miller,andreanne.miller@corp.com,826-101-3975
2bb8b550-0491-447d-99dd-7948f1dcb3bf,Clifford,Lindgren,clifford.lindgren@corp.com,197-265-4310
2bc4ad69-b82a-4420-87f9-95a20decbeb5,Alex,Thompson,alex.thompson@corp.com,108-962-5413
2bd423d6-939a-484c-93bd-cca6db060163,Walton,Satterfield,walton.satterfield@corp.com,892-341-0751
2beafb81-16d0-450c-97dd-b48b14fcd890,Scotty,Bergnaum,scotty.bergnaum@corp.com,102-578-4916
2cdd2d24-85e6-48c4-a44f-abcc38bd77a0,Austen,Wunsch,austen.wunsch@corp.com,978-623-5410
2cef0382-e860-42ce-b22a-49fe3f25fca2,Dulce,Brown,dulce.brown@corp.com,102-456-3897
2cfd6c7b-7664-4e0f-8160-0c6d2b53aa9e,Robin,Abernathy,robin.abernathy@corp.com,710-983-6154
2d1ec2eb-3207-4b1e-9862-e3814d55e2a2,Sammie,Cremin,sammie.cremin@corp.com,210-513-7489
2dbf94a4-d3bb-4026-a48b-d72880b52888,Kara,Walsh,kara.walsh@corp.com,216-439-7851
2dc35fdf-01fe-4b2b-b741-b0186f8b582e,Evangeline,Corwin,evangeline.corwin@corp.com,519-810-2436
2dd3752b-14a3-443b-b438-6c76d391cb76,Corrine,Spinka,corrine.spinka@corp.com,274-891-6351
2e313b3c-4dfa-4e75-bfa5-43ad0d022c3d,Nannie,Kilback,nannie.kilback@corp.com,813-945-1072
2e5d943e-9c14-45e1-856c-775c92412784,Tito,Hermann,tito.hermann@corp.com,410-981-2653
2e7e4e23-f0c0-4ba5-bbbf-9611dd6d4e34,Ryan,Schowalter,ryan.schowalter@corp.com,156-974-1023
2f7afd27-ece7-440d-b14e-edc3dc21035d,Chesley,Schinner,chesley.schinner@corp.com,594-721-0831
2fdf5d6a-1786-4a82-837b-3f9f0374e25f,Desmond,Hand,desmond.hand@corp.com,341-587-1069
3011d71b-a01b-415a-901d-f1dbd7821cda,Bryce,Balistreri,bryce.balistreri@corp.com,386-105-2719
304a9e71-a2b5-448c-ad7d-44ccef85a811,Price,Wiegand,price.wiegand@corp.com,534-108-6791
30630696-d313-4251-bfd8-f8f2146f2da3,Tyshawn,Steuber,tyshawn.steuber@corp.com,105-216-3948
3098170a-6524-41e9-812a-1207f2293d32,Walton,Olson,walton.olson@corp.com,736-842-9511
30e973d8-2ff2-428d-a70b-6e34696de065,Tania,West,tania.west@corp.com,586-943-2101
30fa2cc8-6879-42f1-abaf-6ed95938bf9b,Declan,Cruickshank,declan.cruickshank@corp.com,273-849-1510
321d5984-2c8c-484a-a74a-415745cc7858,Jacey,Strosin,jacey.strosin@corp.com,976-101-4285
324a2d4b-10ee-41f4-a9d0-95ef4eefbb3b,Darryl,Price,darryl.price@corp.com,378-210-5469
324d75a3-4cac-4c69-a5d0-f4273f236ed2,Oceane,Anderson,oceane.anderson@corp.com,987-102-3641
330aeaef-42be-4b5f-8db1-634a3fb0fc44,Junior,Schaden,junior.schaden@corp.com,571-084-9362
33520342-3787-4e11-b0c8-684198311231,Rose,Wolf,rose.wolf@corp.com,106-892-3417
33722ba3-7752-4b44-9e92-cd16d95ef7b3,Alf,Hyatt,alf.hyatt@corp.com,253-610-1874
338d441c-2de0-4987-bc57-a68d6ed75e17,Imelda,Macejkovic,imelda.macejkovic@corp.com,186-491-0253
33a76609-9cbf-4ba7-a72d-44053f86cffa,Devin,Ortiz,devin.ortiz@corp.com,491-037-6182
3455e8ef-692c-4c4d-acef-b2e3c1abd278,Danyka,Lehner,danyka.lehner@corp.com,851-679-1034
34581428-69a3-4992-bcbe-f0cfdc8b439d,Hildegard,Schamberger,hildegard.schamberger@corp.com,196-874-5210
3466182a-9cd0-45b3-9aaa-bf1658257c51,Malcolm,Schaden,malcolm.schaden@corp.com,618-109-2437
346b5b67-dd85-456a-bf72-3e731dfe4151,Shakira,Hessel,shakira.hessel@corp.com,217-841-0956
34eb0dde-62a7-48c9-a8ab-7112c32422eb,Mayra,Orn,mayra.orn@corp.com,913-710-5426
352b3a3e-d4bd-439e-857c-245049710b64,Mohammed,Rempel,mohammed.rempel@corp.com,675-824-1039
3555f35c-96f4-4c1e-80fb-95c256e66052,Eldon,Mante,eldon.mante@corp.com,689-101-2745
3560fa93-7ccd-4522-aaec-d1ebf20c5c92,Elmira,Marquardt,elmira.marquardt@corp.com,681-045-2913
3599c761-7d06-4388-8807-76752be86641,Merle,McLaughlin,merle.mclaughlin@corp.com,854-710-2139
35a25563-0fa2-4d29-bb32-6423257dba86,Douglas,Shanahan,douglas.shanahan@corp.com,763-125-9104
35cce972-43b0-44aa-9a7c-fc15f670ba32,Alycia,Spinka,alycia.spinka@corp.com,105-821-3469
364810b8-e705-4535-918f-8ed056d09960,Krista,Wisoky,krista.wisoky@corp.com,104-962-3718
368d240a-2489-4443-8e30-0612156799c7,Neal,Medhurst,neal.medhurst@corp.com,961-582-4371
36df2790-82f4-47a7-9e44-6533d16e813b,Tobin,Barrows,tobin.barrows@corp.com,271-059-1638
37579ebd-888c-4d66-ae1e-4bb2d7d78866,Frieda,Gusikowski,frieda.gusikowski@corp.com,310-425-9176
378cd669-0063-4499-bc6d-4acf81b60e6e,Ethelyn,Hermann,ethelyn.hermann@corp.com,810-293-6417
3793cc09-4c73-4f94-aa8a-12b4d2c78b85,Caroline,Bruen,caroline.bruen@corp.com,243-181-0965
37a6bb84-bfaf-4aad-b895-2c88644972fa,Bart,Mosciski,bart.mosciski@corp.com,935-726-1018
37ecbef9-010c-47ad-970d-5d4d3a3220ff,Anabelle,Skiles,anabelle.skiles@corp.com,319-458-6710
38498649-7925-430c-a2bd-c193d860d5c9,Margaret,Kshlerin,margaret.kshlerin@corp.com,106-547-1392
387b38eb-7a5d-4165-87f5-951e6532a28e,Bo,Jones,bo.jones@corp.com,109-367-8254
3889c1cd-d084-464b-8cef-bbe9dff534c0,Eusebio,Boyer,eusebio.boyer@corp.com,310-519-4672
38bb943d-05f9-4bcd-a2f6-817f49896d61,Royce,Nitzsche,royce.nitzsche@corp.com,596-710-4281
39619249-fc78-491c-86a5-65e2066cc9f1,Raul,Walter,raul.walter@corp.com,321-107-8596
3a039964-4b99-4f32-9db3-58e1d6b29251,Ryley,Bartoletti,ryley.bartoletti@corp.com,157-241-0386
3ab93fda-4771-4625-8130-985fff13da56,Estel,Runolfsdottir,estel.runolfsdottir@corp.com,564-397-2810
3b12a272-381f-4157-b446-9b55d55e86c0,Ike,Powlowski,ike.powlowski@corp.com,236-810-9715
3bdc7f4c-b905-459c-8936-cbdb0333437f,Brice,Emard,brice.emard@corp.com,283-591-4107
3c83fea9-16a2-431c-99cd-ce15e0f8a321,Alexanne,Schmeler,alexanne.schmeler@corp.com,923-564-8101
3cbd9c9d-4195-4189-9c59-04c0a9bb0105,Hayley,Collier,hayley.collier@corp.com,781-042-6935
3cfaec04-4580-4da1-8c64-064ded062473,Tomasa,Hodkiewicz,tomasa.hodkiewicz@corp.com,412-368-5109
3d702ce8-1fba-441a-a7b7-945daa7aaf62,Susanna,Koss,susanna.koss@corp.com,831-591-0642
3db3ee89-35b3-40cc-bc2e-96abadf47989,Ocie,Parker,ocie.parker@corp.com,108-394-1526
3ededcff-248b-43f0-8888-75a88c23893d,Markus,Abernathy,markus.abernathy@corp.com,710-315-6984
3f1a48ec-9c4f-47eb-aef7-e222266b14ee,Eduardo,Spencer,eduardo.spencer@corp.com,511-068-3429
3f6cf1a6-b8fc-4a63-8f05-29688e7516aa,Carolanne,Fadel,carolanne.fadel@corp.com,174-109-6582
3fe5035b-755f-4484-808b-9a64315716aa,Delbert,VonRueden,delbert.vonrueden@corp.com,110-296-4835
4045de02-d434-4576-9d0d-249c52b29dcb,Cecile,Satterfield,cecile.satterfield@corp.com,512-369-7104
405369d3-ac30-4a56-a692-88f94353c1d9,Winnifred,Abshire,winnifred.abshire@corp.com,541-108-2963
405fb625-36ed-4e17-90ad-df4375e7a17a,Jakayla,Treutel,jakayla.treutel@corp.com,351-784-6210
4094ff0c-ddb1-4ee7-b28d-0380cf1a90e9,Marilyne,Mertz,marilyne.mertz@corp.com,109-768-1354
40be20f1-76e8-4923-9a4d-90c7515cb680,Brennan,Okuneva,brennan.okuneva@corp.com,987-341-6251
40c1d827-cb37-4ba5-a672-44027b4dd393,Jalen,Murazik,jalen.murazik@corp.com,107-231-8645
413000db-a428-4123-998a-0aa4cdc7352d,Alexa,Corkery,alexa.corkery@corp.com,573-108-2416
4135a95e-1ee6-41f7-bffc-121582369931,Candelario,Bradtke,candelario.bradtke@corp.com,710-186-3952
41801e9f-253a-4720-9146-01166377ac3d,Crawford,Marquardt,crawford.marquardt@corp.com,213-108-7654
41f0c4d4-ca0d-4688-9ce1-831171a9c6bc,Robbie,Effertz,robbie.effertz@corp.com,927-148-1053
4206b635-9ff0-4bb7-9c63-4b64f7d9204c,Deon,Pollich,deon.pollich@corp.com,328-451-7109
42223ad2-7136-4a1a-8537-a26634271f62,Zelda,Labadie,zelda.labadie@corp.com,391-081-4526
42691908-dd63-458b-9f51-833ee16e82a5,Juliet,VonRueden,juliet.vonrueden@corp.com,161-074-9382
427bc587-e390-4b5f-a379-06be52e5e1ae,Irwin,Bergstrom,irwin.bergstrom@corp.com,154-210-9873
42cc31dd-7f5f-454b-ad7d-ef4c097e56f0,Rosanna,Daugherty,rosanna.daugherty@corp.com,975-432-8610
42f259cb-f76e-42aa-b3ce-f51a8f530efe,Elfrieda,Konopelski,elfrieda.konopelski@corp.com,587-694-3101
4370046e-63d5-4e74-a2fd-b5e289f78a39,Ashlynn,Kirlin,ashlynn.kirlin@corp.com,937-546-1018
437c6364-8fb8-4702-aa14-7ef78a440e67,Ben,Boehm,ben.boehm@corp.com,931-078-4651
43bbf07c-7e59-49cc-857b-bdc28e73c444,Theresia,Runolfsson,theresia.runolfsson@corp.com,105-469-2183
45839a1b-332c-4697-8310-6a08029f93a1,Cody,Morissette,cody.morissette@corp.com,107-462-3598
463256b4-9b57-4572-9a03-5f05e3be4f83,Kacey,Steuber,kacey.steuber@corp.com,718-591-0426
465374e8-d37c-48c5-b372-473621d277c8,Jocelyn,Ryan,jocelyn.ryan@corp.com,821-045-7936
4678d00f-c311-4488-823d-19528c6d1569,Jettie,Schuster,jettie.schuster@corp.com,610-543-9218
4694f69b-fc6a-41a4-bfbf-c251773ed0fa,Natalie,Monahan,natalie.monahan@corp.com,106-385-4217
46c00e76-0cfb-4df2-b7d7-3c7e6a26950a,Marlen,Wilkinson,marlen.wilkinson@corp.com,567-210-4139
46c76b09-6a88-4221-b54f-777eb5062217,Ramon,Lindgren,ramon.lindgren@corp.com,531-094-1287
470f8f3f-c838-49ab-8e5f-63e8222bd57b,Dominic,McDermott,dominic.mcdermott@corp.com,934-106-1782
47652ae6-31f1-4d36-a67a-ccfa35c7117f,Ada,Ortiz,ada.ortiz@corp.com,110-263-8954
49c3bc12-4873-43c8-b118-77dae07de117,Nikko,Hayes,nikko.hayes@corp.com,176-231-0895
4a7a7216-95d1-472e-afe8-e08477bb76bc,Kaley,Gulgowski,kaley.gulgowski@corp.com,110-236-4587
4b183da4-5ce6-40cb-bada-ad6316853e8c,Mariano,Weissnat,mariano.weissnat@corp.com,431-027-5869
4b374329-8f44-474e-a6d8-f2fe043c924a,Jeromy,Zieme,jeromy.zieme@corp.com,410-289-5763
4ba3cfc9-f062-4aaf-b1ea-c7b2c21c5512,Mack,Keeling,mack.keeling@corp.com,210-947-6513
4bc427f7-08a9-4941-a425-4cd280873b0b,Bettie,Kunde,bettie.kunde@corp.com,510-481-6327
4bc65c47-2f1d-4d42-a75e-ffd74b43990b,Garett,Hintz,garett.hintz@corp.com,161-027-5489
4bd9c54e-b76f-4967-812b-9e94f9655cc2,Cade,Monahan,cade.monahan@corp.com,389-724-5106
4be5c568-4743-492e-95c1-20f83cb57291,Isac,Hirthe,isac.hirthe@corp.com,137-546-1028
4c0f419d-104e-45e5-884b-9f6d3617917c,Veda,Hyatt,veda.hyatt@corp.com,345-291-6781
4c2c3225-eb6f-4bfe-8444-ccd79917e2d0,Allene,Prosacco,allene.prosacco@corp.com,810-723-6941
4c3c89f5-5e8f-4af4-92bd-7d1e64fb4ece,Doyle,Erdman,doyle.erdman@corp.com,191-078-6532
4c5fab80-1a0b-45b7-aae8-44a1a3b242ca,Christopher,Wuckert,christopher.wuckert@corp.com,435-181-0926
4c77ca90-067c-404d-8e1d-16488a55cff1,Kylie,Crona,kylie.crona@corp.com,241-310-9876
4cf79044-bdea-478d-b9bc-a90196e52745,Rowena,Hoeger,rowena.hoeger@corp.com,813-796-1045
4d20243d-9c49-4a18-8937-9b922b335d03,Hadley,Crona,hadley.crona@corp.com,571-036-1289
4d22ef42-3fe4-4fa6-979b-e29e4bb7e339,Yadira,Von,yadira.von@corp.com,975-631-0428
4d314760-f431-405b-9a1d-7e21878b46cd,Orlo,Jaskolski,orlo.jaskolski@corp.com,103-794-8621
4d3c88d1-6280-4b99-abef-e9d821559802,Lew,Langworth,lew.langworth@corp.com,287-591-1034
4d723339-436f-4280-89dd-f04ecfe46203,Brandyn,Fay,brandyn.fay@corp.com,104-635-9178
4dfc8c7b-0aeb-4ec6-89ab-7f5854288660,Sandy,Kozey,sandy.kozey@corp.com,328-691-0475
4e10b88b-6aec-4832-ab20-066a9d0d90e5,Jordane,Hoppe,jordane.hoppe@corp.com,108-932-1764
4e12f225-9f51-4da7-bb1c-cc0c06e66979,Julio,Flatley,julio.flatley@corp.com,631-524-9810
4e242262-3b54-474a-981c-f6dbb0b04eec,Cheyenne,Connelly,cheyenne.connelly@corp.com,104-613-7952
4f10fbf9-5ae5-4f5f-bc2d-a55861e3916d,Elliot,Dietrich,elliot.dietrich@corp.com,639-478-5101
4f6a71d2-1e2d-43e2-a820-ce9f39b8483e,Berta,Jacobs,berta.jacobs@corp.com,381-092-4517
4f75c405-0315-4bd3-912e-611622956a20,Britney,Fisher,britney.fisher@corp.com,187-963-5210
4f7c10c5-a645-4784-a8de-471ac404f1a7,Cory,Treutel,cory.treutel@corp.com,512-376-9841
4f8f3fff-c460-4867-a0bf-e3c04970df3c,Emmanuel,Fritsch,emmanuel.fritsch@corp.com,824-910-5367
4fd61330-2e27-4e6c-8bf1-b09afcbca3f1,Ed,Herzog,ed.herzog@corp.com,679-813-5102
4fdae409-8db1-4b53-954e-148452830fff,Manuel,Schumm,manuel.schumm@corp.com,618-473-9521
4fe2f119-4d4e-4dcf-85b1-c765a0933577,Eldora,Wisozk,eldora.wisozk@corp.com,869-104-7235
4fe9e02d-7cfc-49fd-9d64-719489bf3f4e,Stuart,Bednar,stuart.bednar@corp.com,410-739-5216
4ff819d6-de9c-427f-8ed5-23f75bdf07cc,Gracie,Fadel,gracie.fadel@corp.com,273-410-9618
50643bb4-cb8a-4222-8864-3ec4ec657dc9,Fritz,McKenzie,fritz.mckenzie@corp.com,617-102-9534
50bb7995-6642-499a-b121-403357b5eb41,Hyman,Morissette,hyman.morissette@corp.com,359-861-4721
50d63dc5-904c-464b-947e-bfcf12b02208,Lenora,Bradtke,lenora.bradtke@corp.com,692-531-0148
5179aede-5a0f-49bc-a7ad-b3c41af1a319,Mia,Wilkinson,mia.wilkinson@corp.com,876-315-4921
518632b3-01cb-41b4-b934-8d5e662d7e0f,Barbara,Ratke,barbara.ratke@corp.com,728-410-9651
51bb56c8-346c-49af-9c71-5fe1b85b953f,Bailee,Rutherford,bailee.rutherford@corp.com,367-859-2141
51bc0c2c-5aa9-4ea0-abfa-16ac3d4487a7,Sasha,Sporer,sasha.sporer@corp.com,421-015-8967
5222d1b2-37c7-42cd-867a-e1ec45e8c7b0,Irving,Cronin,irving.cronin@corp.com,976-410-3852
526ecf59-f79f-44a3-af15-1716525f5ac8,Ofelia,Pollich,ofelia.pollich@corp.com,103-542-8671
5286bc9d-03ee-44c8-b975-25eec3a579f9,Anya,Lowe,anya.lowe@corp.com,271-391-0856
53022b18-58ed-4f38-8242-4e5ed10b4cf2,Meagan,Pollich,meagan.pollich@corp.com,592-341-6108
53242f8f-fff4-4a05-a691-98a3cf1703c8,Jan,Ankunding,jan.ankunding@corp.com,107-368-4215
5332b600-e1ed-42a3-8a94-b0087ef26fbc,Madisyn,Eichmann,madisyn.eichmann@corp.com,194-875-1062
53351cf8-e1e9-458e-9b25-dcd8d4250052,Mollie,Kuvalis,mollie.kuvalis@corp.com,471-023-6185
5358304b-db94-4c34-9e3d-fa0f1e49ce42,Tavares,Nitzsche,tavares.nitzsche@corp.com,719-648-5102
5370c5bd-3e2f-4ff9-a95f-a3c3c70b09e5,Maximillian,Lesch,maximillian.lesch@corp.com,156-948-3710
5373eb0e-130f-4bbd-88e6-ceab0a3d374a,Karolann,Cormier,karolann.cormier@corp.com,476-183-9105
53a0d188-6a73-4ce5-890e-405b091339fd,Andres,Labadie,andres.labadie@corp.com,914-102-6358
53aed852-2ac8-4b15-8a10-77609ef818d2,Felipa,Torp,felipa.torp@corp.com,423-768-5910
53c20429-9fb1-410b-b84a-bf2a020a6ec2,Price,Beier,price.beier@corp.com,472-561-9108
5403c68c-7a7d-4366-b091-eea6b28e52fd,Greyson,Nitzsche,greyson.nitzsche@corp.com,591-047-6183
5456711e-7400-4ea2-bc97-5881c3013cee,Lonny,Shanahan,lonny.shanahan@corp.com,497-651-0832
549bd34b-d8a4-4c2c-a08b-44b1b12801e0,Gerhard,Wiza,gerhard.wiza@corp.com,683-127-5109
56b1907a-909b-42f2-8b7b-382d510a231d,Dejon,Walter,dejon.walter@corp.com,910-326-8475
576109ed-f775-4db7-97f2-2b3a9fb2d082,Napoleon,Senger,napoleon.senger@corp.com,138-410-9627
578b3341-ceb2-4b7b-9618-6a46159f36d3,Cordelia,Daugherty,cordelia.daugherty@corp.com,161-039-5287
57c4e84f-534c-4d0c-ac02-cf329edf0634,Rowena,Romaguera,rowena.romaguera@corp.com,456-137-1098
57c9b4cd-ae56-4e9a-a85b-0e3572bc85f9,Myrtice,Volkman,myrtice.volkman@corp.com,546-210-1839
585d0c15-aba2-4253-8480-1657c2a0f68e,Michel,Satterfield,michel.satterfield@corp.com,462-798-3151
58802e42-7d7d-4a4b-89c1-5907c9a360f9,Stanley,Wolf,stanley.wolf@corp.com,893-161-0472
58ccf086-0de9-4f01-8e75-3562b0d8056f,Beulah,Casper,beulah.casper@corp.com,810-549-6312
593cd373-42c2-4213-95d5-f630f4df973a,Jo,Cormier,jo.cormier@corp.com,106-952-8417
594a471e-0b73-4b7e-9ebb-322323067703,Kirstin,Koelpin,kirstin.koelpin@corp.com,510-341-7926
5976dfd1-15d2-416f-b75f-85f403aa6972,Abdul,Kub,abdul.kub@corp.com,261-394-7105
59a53367-eb8a-4b3b-9940-b332397fac37,Estel,Cruickshank,estel.cruickshank@corp.com,218-693-4710
59b83155-2174-4efa-9eef-7af0d1721c26,Lavon,Emard,lavon.emard@corp.com,341-271-0985
5a2cab45-daa9-4517-8fab-e056e5158235,Junius,Jerde,junius.jerde@corp.com,351-824-7106
5afee353-1322-47c3-8119-f7100e3d7090,Emanuel,Johnston,emanuel.johnston@corp.com,487-961-0215
5b5b93cd-6ed1-46e7-ab46-33bf7f3222ed,Hassan,Little,hassan.little@corp.com,105-284-7639
5ba3cf52-be10-4dbb-a583-f3d56ce616ac,Easton,Harber,easton.harber@corp.com,791-015-8342
5bbf0a47-4074-4bfb-9ce5-e8610c036bd2,Janessa,Bergnaum,janessa.bergnaum@corp.com,182-794-1056
5be6f479-fac4-4eda-9fc1-7456181dd465,Evangeline,Pollich,evangeline.pollich@corp.com,825-734-9610
5c1eaa2a-89fa-4fe3-a182-ea6543825698,Hyman,Muller,hyman.muller@corp.com,461-875-1092
5c374b2a-56bc-49a6-931e-e8491a0ede5e,Ralph,Schultz,ralph.schultz@corp.com,634-195-1078
5dbfc17a-43e8-458d-8f20-060c28122b9b,Jefferey,Dickens,jefferey.dickens@corp.com,751-091-3428
5e19d2ed-a020-4c29-a567-ff6c5b83f58d,Heidi,Crooks,heidi.crooks@corp.com,435-610-9781
5e52d4c6-bfc6-477e-ab22-658490d07eab,Andreanne,Wolf,andreanne.wolf@corp.com,249-681-3710
5e8a3ab0-5384-40b3-832e-5e4a3490726d,Kevin,Eichmann,kevin.eichmann@corp.com,742-396-1018
5e9c0f59-9c02-41c8-8c52-5a4f9f5858bc,Alek,Trantow,alek.trantow@corp.com,173-691-0845
5ea28654-0b0d-4152-9afa-40fc0a5014e1,Garret,Little,garret.little@corp.com,295-816-1037
5eb30d0e-e4e2-4f7f-8181-e3fdc7fac6dd,Alexie,Windler,alexie.windler@corp.com,318-457-6910
5eb48cc9-f139-4275-bbbc-7216907a8191,Nick,Block,nick.block@corp.com,624-851-0713
5f45c6e6-d35d-4213-a6b5-ad29fa064088,Nathanael,Conn,nathanael.conn@corp.com,297-481-0156
5f5463b6-938c-4eb1-9f44-1444ff62cbb9,Lilyan,Gulgowski,lilyan.gulgowski@corp.com,610-819-2453
5f728589-9a58-4210-a457-08a130f4978a,Trystan,Leannon,trystan.leannon@corp.com,910-658-7341
5fadca3b-ecc0-4254-a816-f0ba943c01b4,Trycia,Gulgowski,trycia.gulgowski@corp.com,815-962-7431
601d9e7c-b3f0-4605-83c8-8016f35ba1b0,Brett,Lehner,brett.lehner@corp.com,841-657-1029
601fd887-a40e-4cb9-b015-9eb2ca648d0e,Jasmin,Shields,jasmin.shields@corp.com,210-953-6147
603ac8f3-aac0-48d7-a7f0-8e1620d812dc,Madie,Muller,madie.muller@corp.com,436-910-5827
604cc22f-8979-4b28-a4d2-d61110e48ccb,Beau,Lebsack,beau.lebsack@corp.com,423-109-6175
6066b687-a1f8-42dc-9100-9d039a9c0206,Brady,Abbott,brady.abbott@corp.com,427-689-5131
6088a107-4b7d-409a-80cd-edbe912180f2,Salma,Cartwright,salma.cartwright@corp.com,956-318-1024
60c25a7c-1ac1-4079-8a37-5b19e5d4af9d,Anissa,Muller,anissa.muller@corp.com,256-134-9810
60cc7ae6-7b91-4d1a-bff5-1829248ce071,Yaamir,King,yaamir.king@corp.com,916-724-1085
60cfc481-095f-4de1-84c5-a232f75e3b7e,Brooks,Bradtke,brooks.bradtke@corp.com,495-186-3710
60e0b720-968b-441f-bbb1-f05bd9253251,Sven,Wisoky,sven.wisoky@corp.com,367-210-5184
60e7f16a-6652-408e-9109-15b392b5392b,Nicolette,Breitenberg,nicolette.breitenberg@corp.com,561-297-1048
6107836b-7471-4bcb-bbf5-43e1b150b946,Pansy,Okuneva,pansy.okuneva@corp.com,762-549-1831
6152e73f-1ccb-42ee-80b1-c83627185135,Kiel,Quigley,kiel.quigley@corp.com,181-029-4375
62892098-130a-46b8-a827-672a51917fa8,Tanya,Stoltenberg,tanya.stoltenberg@corp.com,327-985-1016
62a34ea8-bd5d-4511-a55f-6382019f90e0,Leland,Rath,leland.rath@corp.com,591-072-8314
62ce2541-8108-486a-b4d2-447ab8b2fec3,Rashad,Abshire,rashad.abshire@corp.com,137-426-5108
63307deb-08d8-4427-8ed2-cfed72b9433a,Anastacio,Cummerata,anastacio.cummerata@corp.com,410-693-5217
63a59b46-b78f-45f9-a2cd-fe6a58e82183,Samir,Schultz,samir.schultz@corp.com,751-924-3108
64664064-e551-413e-acea-464005a14c4f,Octavia,Fritsch,octavia.fritsch@corp.com,842-195-7631
64a1ff76-0372-4fcc-a18e-47e5c913e527,Rashawn,Steuber,rashawn.steuber@corp.com,978-156-2103
64b23260-e7ac-4b38-bfb1-4b8382273682,Kali,Koelpin,kali.koelpin@corp.com,107-835-2916
65190557-6000-4aad-9018-093322c4025c,Cristina,Pouros,cristina.pouros@corp.com,856-791-1023
652c34a5-34bb-4065-8094-1b44be60a511,Ross,Cummings,ross.cummings@corp.com,794-856-1021
656668d5-71fc-4f06-a2de-5576082b6623,Vesta,Homenick,vesta.homenick@corp.com,410-635-1982
6642283d-006e-4903-b494-9591e500648f,Kaitlin,Gorczany,kaitlin.gorczany@corp.com,837-541-0921
66ede730-5f2d-479e-b075-821483de5949,Kip,Purdy,kip.purdy@corp.com,721-948-5610
678f783a-9991-47d9-b6e5-e5a8cd1b5269,Arnaldo,Gottlieb,arnaldo.gottlieb@corp.com,179-342-5610
68049060-5863-4388-b2f0-1da5f3e7e776,Antwan,Mayert,antwan.mayert@corp.com,627-103-1984
6828c7b9-089b-4786-84af-d856c71dcaec,Kamille,Wilkinson,kamille.wilkinson@corp.com,758-104-9132
6842177a-2b64-412c-b740-f00d4c2fb9b7,Ettie,Schuster,ettie.schuster@corp.com,675-941-3210
6883fc92-8ab2-4113-bb75-3276083226b6,Nya,Kassulke,nya.kassulke@corp.com,651-047-9312
68d2834f-0ea1-417c-8a86-bb1822cc6eaf,Darrel,Hansen,darrel.hansen@corp.com,586-101-2974
68e0427a-1ddb-48f8-8d0c-658cd6d92c5a,Kurt,Crist,kurt.crist@corp.com,321-085-9761
692369b8-5d99-4ab8-b110-5ec6c868479d,Arden,Hirthe,arden.hirthe@corp.com,571-361-0289
693cd044-521b-4058-aeff-02452efc21b8,Antwan,Stoltenberg,antwan.stoltenberg@corp.com,104-762-1835
6943d226-d6c0-49f6-92c4-faefca24b241,Shane,Paucek,shane.paucek@corp.com,291-031-6754
696176c6-0215-40e9-93a7-acbd9b6a5c72,Pierre,Friesen,pierre.friesen@corp.com,872-109-6514
69706109-7ab6-41a1-89ca-cd933072591c,Ida,Dooley,ida.dooley@corp.com,671-052-8491
69b8b1b1-80cb-42d5-a583-5a8b89654da2,Helen,Streich,helen.streich@corp.com,101-957-8426
69ca53ef-5dcd-4b8c-9867-bc5a08b38c14,Brooklyn,Stehr,brooklyn.stehr@corp.com,786-110-4253
6a2c7f62-6736-443f-958a-4202705d30d4,Freda,Denesik,freda.denesik@corp.com,723-659-4108
6abc3bbd-5a5d-4369-ab96-b52fcd4fdc8b,Liana,Hudson,liana.hudson@corp.com,103-182-6754
6aea289b-c295-45ea-8077-fc8dfa752b07,Terrence,Kutch,terrence.kutch@corp.com,917-103-8452
6af16be6-cd4b-426c-97d8-55be9b0efc78,Augustine,Legros,augustine.legros@corp.com,213-107-6854
6b1dae81-2abe-470a-8091-afb2549afbb0,Anahi,Cremin,anahi.cremin@corp.com,410-867-1352
6b564c04-367e-4449-b202-79f5983598b9,Daphne,Walker,daphne.walker@corp.com,514-386-2710
6b5ac09f-9e01-4217-aceb-e4d6fd60d703,Ana,Jenkins,ana.jenkins@corp.com,823-104-5196
6bc60e94-0dcf-41cd-bf47-975e6e172440,Stanton,Russel,stanton.russel@corp.com,134-962-5781
6c3111a3-5e99-4c13-a342-16c3f38969e8,Talon,Cassin,talon.cassin@corp.com,651-792-3410
6c6a46b8-9c9b-457f-805f-6f60889b0f4c,Wade,Bradtke,wade.bradtke@corp.com,159-410-7286
6c7f6501-34bc-4b4f-ae60-2d662b98a9cb,Lela,Grant,lela.grant@corp.com,897-431-5210
6cbb631e-7ef4-4d52-a9ad-5a082ca2110e,Lulu,McClure,lulu.mcclure@corp.com,310-615-8749
6d551ea1-de03-421d-be40-b950ab446041,Afton,Krajcik,afton.krajcik@corp.com,108-469-3512
6d8e7b87-59be-4545-b531-d9837f1ae114,Brigitte,Brekke,brigitte.brekke@corp.com,371-025-1486
6ddd49bf-d5fb-4a07-90ed-f57452421e4f,Elbert,Weissnat,elbert.weissnat@corp.com,971-034-8621
6e02c07b-288d-4968-a3fc-ca0f611aa3e8,Danial,Brekke,danial.brekke@corp.com,234-710-9681
6e100dd0-721d-48bd-a449-0953a982c1e4,Skye,Padberg,skye.padberg@corp.com,915-784-6210
6e2e5f7c-4b83-4f79-be20-d1de13058498,Effie,Connelly,effie.connelly@corp.com,973-618-2451
6e909426-c923-44ba-aa81-3db7e7b95f8c,Murl,Kessler,murl.kessler@corp.com,101-278-4563
6eda8e6c-e63e-4c98-9597-272d878c1e12,Elliot,Predovic,elliot.predovic@corp.com,107-514-2968
6f2843d6-15f3-4c34-b237-daaca64190fb,Pierce,Becker,pierce.becker@corp.com,954-102-8167
6f99e33c-d8ad-417d-91ca-fdfdbb6d09ee,Florida,Bartell,florida.bartell@corp.com,102-765-8943
6fb76bae-6985-4707-9999-a70ef4956ac3,Kasey,Bosco,kasey.bosco@corp.com,105-943-6278
6fc2bf9d-0d1f-401b-a5b2-578d2976d789,Johanna,Bechtelar,johanna.bechtelar@corp.com,109-586-1427
703c3e04-b20c-455a-93ca-4bcd58652625,London,McClure,london.mcclure@corp.com,946-251-0831
705c97d6-d4f6-4e93-98e1-727cfb358e81,Erin,Hills,erin.hills@corp.com,910-127-3658
70889828-2eea-4d5e-8a0d-d1328dc1c9ea,Bruce,Ward,bruce.ward@corp.com,952-431-0687
70915d74-6e5a-4989-8a8f-f7392aa20f2f,Olaf,Jenkins,olaf.jenkins@corp.com,976-451-0823
70e8a3b3-528c-42de-9976-bf0477155701,Georgianna,McGlynn,georgianna.mcglynn@corp.com,748-135-9610
70ec59df-62f9-43d2-ac1e-6d4f8965670a,Herman,McClure,herman.mcclure@corp.com,845-271-0391
7126545f-e032-4e16-b0cb-98beeb368824,Dwight,Kohler,dwight.kohler@corp.com,126-987-5310
7129e288-f76e-45c8-8f79-14f2290dd4a4,Citlalli,Bechtelar,citlalli.bechtelar@corp.com,973-102-6814
71546212-1589-4977-8ffd-9bcfb3a703f7,Antonia,Pollich,antonia.pollich@corp.com,521-019-6483
717bf7f0-c2fb-44a7-b1ca-a6fa2b970ad1,Nina,Flatley,nina.flatley@corp.com,193-210-7846
71aa2cda-934c-48d1-9905-719a59b52807,Gerry,Orn,gerry.orn@corp.com,107-391-4825
72030446-45a4-465d-b700-b6a5c85a3a97,Dayton,Kovacek,dayton.kovacek@corp.com,642-981-0571
7246c305-e1de-4513-a9e0-b0781bc5d685,Toby,Goyette,toby.goyette@corp.com,491-725-8631
7252acbf-b72e-423a-806d-a60ca11553a6,Stanford,Stehr,stanford.stehr@corp.com,261-583-4710
72538fb9-0c5f-4be1-b3d6-c9abf10bb29d,Harmon,Parker,harmon.parker@corp.com,978-513-6421
72c764db-8b36-461b-8e14-2a3732f9c4cc,Michaela,Homenick,michaela.homenick@corp.com,821-073-5694
734e9f13-c11d-4a72-9206-726119eadc0d,Marilou,Koelpin,marilou.koelpin@corp.com,914-710-2368
73dae95f-7518-4b05-889c-e52a798d1628,Eduardo,Skiles,eduardo.skiles@corp.com,159-102-3746
73e837ce-f6cc-429e-b851-ed01ac38b1e9,Beverly,Stoltenberg,beverly.stoltenberg@corp.com,457-368-1291
73f229d1-6e37-472b-81b2-0c4af59b773a,Mariah,Russel,mariah.russel@corp.com,863-254-7911
7401d10f-d243-4eae-b295-a415a0ccdc17,Hertha,Bogisich,hertha.bogisich@corp.com,110-259-6843
744a4f69-1e27-455a-a30a-112bdbb440e0,Hilda,Hilpert,hilda.hilpert@corp.com,478-152-1069
749c12d0-a6f1-4436-84a0-6fd08903d24d,Jaylon,Rempel,jaylon.rempel@corp.com,731-102-6854
74ccb376-0d41-4570-a2d0-b95e6ee7159a,Alexandre,Pouros,alexandre.pouros@corp.com,610-495-3812
7533fa55-58af-4407-a998-2e478f4c7271,Mireille,Crist,mireille.crist@corp.com,967-324-8105
754f74d2-760a-4d9f-a28e-9c7175eca42c,Arden,Dare,arden.dare@corp.com,104-865-3197
755179a7-e901-4e84-aa22-76568ef8e320,Max,Skiles,max.skiles@corp.com,934-857-1102
757c12e4-0b30-47b2-b783-7e4674e393c8,Heidi,Altenwerth,heidi.altenwerth@corp.com,731-021-4586
757ca075-145c-4e6d-9666-159ea4a78875,Zoe,Waters,zoe.waters@corp.com,978-351-0241
75bb33ac-cce4-4d5c-9805-008ce9a6a0a3,Chelsie,Kling,chelsie.kling@corp.com,823-695-1017
75c06d34-bb6c-4594-8da4-a98359229702,Quincy,Wilkinson,quincy.wilkinson@corp.com,987-514-2361
761c489f-8e6c-420e-9d4f-f41c42cca18c,Sebastian,Braun,sebastian.braun@corp.com,618-721-0594
7621477b-c818-4378-899a-e3136b59b920,Clare,Hauck,clare.hauck@corp.com,974-381-0521
7667dd93-c9ac-44f3-aee5-6cf96129a3f0,Nedra,Fisher,nedra.fisher@corp.com,541-029-3718
7669ad7d-eca4-4f14-a680-52ef02d37934,Kathryne,Wyman,kathryne.wyman@corp.com,974-856-2310
766b341e-be12-4f04-b1b6-86c290091ec9,Orie,Glover,orie.glover@corp.com,319-610-5872
7682ab60-670b-45a5-9271-b5a182bdf313,Mittie,Buckridge,mittie.buckridge@corp.com,265-810-9437
76c39b14-05f9-4b72-846a-b161c7dc184e,Alexandro,Rohan,alexandro.rohan@corp.com,710-248-9361
773ffb35-9af5-492d-9908-52a657e521cf,Ophelia,Gerhold,ophelia.gerhold@corp.com,724-311-0569
7793439e-7088-40e8-80d0-e6f66f980bf8,Imelda,Jerde,imelda.jerde@corp.com,218-973-6104
779a4234-269a-49a9-a3dd-3f7df227c885,Maurine,Koelpin,maurine.koelpin@corp.com,985-742-1103
77cce41a-4dfe-4667-8c4a-2e5836ba92cd,Maudie,Herzog,maudie.herzog@corp.com,142-108-7653
781cb5c5-789d-476c-900a-c5177386acf8,Issac,Predovic,issac.predovic@corp.com,683-915-2104
784feb41-1521-45b9-ac96-8819d39ebfb4,Rolando,Collier,rolando.collier@corp.com,427-910-6183
785b4220-71ba-4bda-b6fa-1329bd654fd6,Madge,Quigley,madge.quigley@corp.com,354-287-6110
7873a6da-025c-4167-9ef3-e817d62c0b76,Noah,Fisher,noah.fisher@corp.com,692-718-3410
78785e51-1145-477e-a720-13bd1e06c11e,Nicolas,Adams,nicolas.adams@corp.com,896-421-3751
789267da-31ae-418a-8d90-a89789e97337,Rosario,Brekke,rosario.brekke@corp.com,691-784-3521
78d22f25-42a2-466f-b8da-888c200c1b0f,Demetris,Walsh,demetris.walsh@corp.com,271-045-8361
7935c5d7-8e42-49c9-9179-ecd64ce8e7b7,Kamille,Konopelski,kamille.konopelski@corp.com,101-286-4935
79a26895-33b3-45ea-a92c-efbd26236537,Dayana,Block,dayana.block@corp.com,298-751-0316
79af51f4-ece4-4830-8996-f96dd6bb1b1c,Jackie,McKenzie,jackie.mckenzie@corp.com,110-648-9735
79cf1f9c-89a1-4d19-b029-734a8eb895d9,Jamel,Carroll,jamel.carroll@corp.com,925-410-8731
79f3b410-0c25-4e4b-a633-5feb5ff677b9,Caroline,Keebler,caroline.keebler@corp.com,105-917-2384
79f83bf8-e2e9-4c3e-ba29-dd54ad86a9f9,Retta,Lind,retta.lind@corp.com,943-108-2157
7a6fbd34-8c8b-478b-ae29-508c93f59adc,Xander,Rodriguez,xander.rodriguez@corp.com,258-141-0769
7a985852-ef1f-4f50-aade-14fd59004eb0,Hollis,Koch,hollis.koch@corp.com,827-510-1493
7aa9d98a-1afd-4a4d-8c44-2fc3358c28ac,Chet,Barton,chet.barton@corp.com,765-921-1084
7bbc404e-b9fe-4df9-b9e8-aaf35336b394,Ignacio,Herman,ignacio.herman@corp.com,108-641-5793
7be7cd66-05ca-4496-a48f-fc5e68b01eca,Reed,Johnston,reed.johnston@corp.com,196-810-4372
7bfde948-de33-4e93-a637-bec3d2b8be82,Gwen,Rodriguez,gwen.rodriguez@corp.com,110-654-3792
7c061e83-a488-446f-92f9-cc374c919c0b,Jaida,Haley,jaida.haley@corp.com,582-369-1074
7c3c679f-38d1-445f-a1cc-8f498cf98fe2,Jeffery,Heathcote,jeffery.heathcote@corp.com,101-983-5726
7c9a6be6-856e-4b15-b7a9-52809f0f7b6e,Garth,Rogahn,garth.rogahn@corp.com,247-101-8539
7d177643-9c15-4dac-b8e3-0e7ea1c1b66e,Leann,Beer,leann.beer@corp.com,378-546-1092
7d39e473-4ec8-4675-a72e-ba23da801844,Garret,Bayer,garret.bayer@corp.com,769-210-1384
7d45a92c-9b66-4521-aebb-f8d06c2c1304,Vito,Rempel,vito.rempel@corp.com,132-698-1047
7d6110e9-1976-4238-a34b-173b322c70f8,Quinn,Feil,quinn.feil@corp.com,615-893-1042
7d9ba58c-c895-47b3-82a7-1320354f2474,Marietta,Cormier,marietta.cormier@corp.com,104-538-2617
7df0897c-a915-4f84-973c-ba1513742520,June,Smitham,june.smitham@corp.com,218-961-0347
7df57c47-de2c-49ee-aa05-5ff4ba52f575,Sigmund,Ward,sigmund.ward@corp.com,318-274-6109
7e04faf7-9efd-4a8e-8c24-f1778794c958,Maudie,Rau,maudie.rau@corp.com,381-104-7526
7e05ba30-f7ed-4588-847a-e5cdb01a15bc,Miguel,Marquardt,miguel.marquardt@corp.com,894-256-7103
7e480df0-355b-4ee6-b3d0-04edc9c7b01e,Ivory,Beatty,ivory.beatty@corp.com,821-079-5364
7e4e8d75-6f3b-41d1-a39e-e985581bda32,Aliya,Doyle,aliya.doyle@corp.com,265-141-0873
7e993ba2-0eb8-430e-bc84-2bda41f1921b,Tess,Kovacek,tess.kovacek@corp.com,679-532-4181
7ebea849-1b65-4f9d-8477-dbe56e478ee5,Crawford,Trantow,crawford.trantow@corp.com,263-157-8104
7ec5385d-5826-4981-ad75-a00960c5f088,Chanel,Jerde,chanel.jerde@corp.com,678-521-0431
7ec9322a-5e78-4bd6-98be-30d0977016bf,Margarita,Rempel,margarita.rempel@corp.com,261-510-7984
7f2721ac-c50f-4b81-9416-cd168847181d,Ross,Torp,ross.torp@corp.com,184-973-2106
7f5fd4f0-4dc5-4933-9b8a-5cb535488013,Elmira,Von,elmira.von@corp.com,810-453-9721
7f760a6b-58a9-4e25-bcf1-56a22e1f0da3,Greyson,Brakus,greyson.brakus@corp.com,682-471-3910
7f767755-7df0-4f12-af4b-e04475ea7bed,Alford,Mann,alford.mann@corp.com,109-812-7546
7f9d4d1b-1591-49ae-9ac3-43b086dc6d1a,Roma,Gislason,roma.gislason@corp.com,510-921-3647
7f9e8b8d-6f5a-45c5-9a04-4f8d11310af6,Magnus,Carroll,magnus.carroll@corp.com,328-576-1491
7fa5511a-56d7-40fb-bd25-afbb336b66e7,Nettie,O'Conner,nettie.o'conner@corp.com,582-497-6103
7fd0d5d1-0e39-4a57-b41d-dafdd0349f1c,Winifred,Fisher,winifred.fisher@corp.com,139-641-0287
80085784-d79a-409e-bc73-7f70709cea40,Hazel,Yost,hazel.yost@corp.com,369-842-5107
801e3128-baca-4ceb-ba9c-e7746366df48,Vincenza,Reynolds,vincenza.reynolds@corp.com,105-693-4172
808bbe76-5e93-40fb-bf8b-c4cc59728d4f,Josephine,Reynolds,josephine.reynolds@corp.com,416-102-3758
80a569a6-0267-4951-b309-36e3d59a189c,Mathilde,Macejkovic,mathilde.macejkovic@corp.com,985-614-3721
81029d83-55a6-4ad3-a2fc-73802c0efb13,Tito,Reilly,tito.reilly@corp.com,516-978-4102
81305bbd-1dfe-443b-a095-099792c64981,Catherine,O'Connell,catherine.o'connell@corp.com,761-093-1285
8155ede7-5c4a-4204-b4cd-5ff7a4b1bf62,Rosemary,Kreiger,rosemary.kreiger@corp.com,210-371-5984
81621162-5c46-4405-9ae4-2cf2bc0b7331,Haylee,Hackett,haylee.hackett@corp.com,891-023-7456
81a6a643-f22b-4ab5-8bb1-f82a4e55f2b6,Anabel,Volkman,anabel.volkman@corp.com,101-523-4786
81c26b08-b79c-4125-8eee-4e08d4dbc272,Mallie,Carroll,mallie.carroll@corp.com,394-210-1657
81c91161-73ed-4161-859f-2df065fb3935,Victoria,Bergstrom,victoria.bergstrom@corp.com,817-102-6543
822afccc-c029-4e70-824c-2431cbd10dfd,Haleigh,Wolff,haleigh.wolff@corp.com,124-381-0569
824f6813-fd65-445a-b288-b584737f4d8d,Chauncey,Goyette,chauncey.goyette@corp.com,938-105-6172
82502395-8bac-425b-bd86-306268641756,Aileen,O'Kon,aileen.o'kon@corp.com,536-498-1071
82d57bde-64a2-4469-9dae-d0e7adfbc1e4,Simone,Pacocha,simone.pacocha@corp.com,941-756-1038
82e26b7b-3135-4f13-be4f-ff9734066f9d,Janelle,Borer,janelle.borer@corp.com,610-853-7429
8307103c-5d87-4d66-a759-bbdc16445988,George,Spencer,george.spencer@corp.com,248-635-1071
83321c95-e95e-4347-815e-6d335f613f28,Mariah,Okuneva,mariah.okuneva@corp.com,659-810-2371
836bb2f4-34da-4352-bae2-14068f8645d1,Billy,Wunsch,billy.wunsch@corp.com,547-183-6102
83798a8f-6423-40eb-bb0a-55148a796a33,Carmela,Kiehn,carmela.kiehn@corp.com,431-675-9821
83969d84-ec8b-4319-a235-16c48b29f151,Dedric,Thompson,dedric.thompson@corp.com,935-210-7841
83ed623b-19c9-43da-9541-96f08e011b88,Casper,Heathcote,casper.heathcote@corp.com,210-948-7513
84398553-7808-4f48-82e3-d270727bc61f,Turner,Marks,turner.marks@corp.com,215-674-9108
8474ae02-f767-46e0-8f75-9933643c8bc6,Dimitri,Denesik,dimitri.denesik@corp.com,467-581-0312
84f02e52-efd2-450b-a84e-1333b9253f66,Delpha,Considine,delpha.considine@corp.com,581-473-9621
85416fa4-c158-47a2-bfb3-79115cd59142,Josefa,Oberbrunner,josefa.oberbrunner@corp.com,486-157-3102
85b2c093-6424-44bd-a868-f482fb1f81bd,Aryanna,Cole,aryanna.cole@corp.com,423-196-1058
85f2b86e-8f7c-4bbc-8e57-5adf2475ddbb,Donnie,Rolfson,donnie.rolfson@corp.com,394-721-5681
863d85a6-4761-4dcf-8a69-b8963c83e3b2,Theresa,Considine,theresa.considine@corp.com,134-810-6259
8699dccc-66aa-4142-bb7e-6f830b4e5c6d,Justen,Gutkowski,justen.gutkowski@corp.com,531-061-4879
8708c171-4eb3-4b44-a30a-4ee9a7acdaea,Cathryn,Grimes,cathryn.grimes@corp.com,651-073-4819
87103de9-b953-4b19-a387-01bb90ccf1c6,Tracy,Kuphal,tracy.kuphal@corp.com,917-246-8531
873d251d-1f0a-4b5d-96cd-355b30706320,Shawn,Stanton,shawn.stanton@corp.com,562-897-4110
87ccc225-b701-40d4-b529-077afa3ac818,Marlee,Hand,marlee.hand@corp.com,910-648-1352
87e8fe9b-72fe-4b18-af2c-ff47e0cedf3f,Clemmie,Parisian,clemmie.parisian@corp.com,178-310-2965
8913a4e8-818b-49b9-921d-dd9e568cf862,Uriah,Hilpert,uriah.hilpert@corp.com,325-871-9106
895642db-f4f7-4444-835c-6b7f4f23499e,Tyra,Toy,tyra.toy@corp.com,975-463-2108
89de1977-1d3f-41ab-a7ab-cbcf553cf3d8,Pansy,Schoen,pansy.schoen@corp.com,294-610-3187
89e12c77-fe2a-4b81-aae2-60d7ecf4f0b7,Destany,Hoeger,destany.hoeger@corp.com,375-610-4928
8a1ef269-f1d7-42ee-ae84-d7eaa13b5dfe,Horacio,Rempel,horacio.rempel@corp.com,193-210-6745
8a952cb5-2c9d-415d-9e78-e0fa3c03eff7,Dorian,Hodkiewicz,dorian.hodkiewicz@corp.com,271-981-0653
8ae3378e-c8a2-437f-a8e0-1355fdea6cbd,Jenifer,Kuhlman,jenifer.kuhlman@corp.com,621-758-1039
8af8df87-4ea5-4d05-81c6-942f0b068d43,Jessika,Schaefer,jessika.schaefer@corp.com,103-495-8721
8b0b592d-7ef2-4b04-a1b9-7b9f2dfbd190,Ronaldo,Rolfson,ronaldo.rolfson@corp.com,710-648-3125
8b380208-ba44-4f69-82bb-6288da24c9f3,Timmothy,Von,timmothy.von@corp.com,247-108-5691
8b96e675-322b-4758-b7fe-534eab4c7575,Kiara,Sawayn,kiara.sawayn@corp.com,461-795-2108
8ba5acc0-c336-405a-8e51-61b10ff0d027,Willie,Conroy,willie.conroy@corp.com,845-671-2931
8bd567db-ffe1-4c67-be78-5afff7c1d152,Reed,Sawayn,reed.sawayn@corp.com,965-742-8103
8bf9c754-4306-436d-ab82-801d8ed71ea2,Meggie,Yost,meggie.yost@corp.com,576-101-3429
8c160297-85f4-48bb-afdf-f7bbceeda0f3,Leonardo,Marquardt,leonardo.marquardt@corp.com,167-392-1085
8c2a5b65-6043-432a-8526-10e526d91272,Karl,Abshire,karl.abshire@corp.com,123-548-9106
8c3b88e4-0d54-4f7c-ae1f-e0fb48364ef5,Elmo,Towne,elmo.towne@corp.com,183-571-0642
8c8acc9a-ed14-4370-ace1-4b400fd950ee,Gage,Muller,gage.muller@corp.com,623-107-8495
8cf5d763-0b95-4b38-8e35-cb099e0a146e,Shania,Sanford,shania.sanford@corp.com,426-178-9105
8d2f0bc7-a0d1-471d-9822-66b55f9723a2,Kellie,Abbott,kellie.abbott@corp.com,510-326-9748
8d5103de-6a8e-4328-9350-9592ebf04574,Elta,Fahey,elta.fahey@corp.com,524-936-7810
8d574ad8-7742-4bc6-9cfb-5859df79ace2,Joey,Von,joey.von@corp.com,487-910-2163
8dd1dc49-9f17-4f7e-9fd5-335a8604e853,Breana,Kovacek,breana.kovacek@corp.com,826-471-5910
8f1c4577-72d3-4a4d-9715-7105d85457a4,Elnora,Fay,elnora.fay@corp.com,567-109-4238
8f83b612-4b00-4149-8789-ffa692acb7db,Alize,Romaguera,alize.romaguera@corp.com,162-947-5381
8faf1356-835d-4fdf-b7d1-6163d925a9c1,Dawson,Bruen,dawson.bruen@corp.com,418-396-2510
8fb623d7-2a43-4fc1-a0b8-5bb330520d18,Rocky,Smitham,rocky.smitham@corp.com,974-521-0136
8fcc8f1f-d4e2-44e4-b32c-cbcc98868291,Luisa,Emard,luisa.emard@corp.com,843-710-1592
8fd8f686-8171-4806-b217-f32a40b1326f,Pat,Howe,pat.howe@corp.com,810-563-9271
90beb822-2c1f-42af-bbb4-23d3500a600c,Misty,Monahan,misty.monahan@corp.com,872-196-5103
911b3375-fd98-4c2c-816b-023cb4dccf43,Daniella,Kulas,daniella.kulas@corp.com,453-968-2107
922e3cc7-248f-4cfa-8572-fefb7c23ed2b,Keenan,Gulgowski,keenan.gulgowski@corp.com,958-342-1107
92663f9b-31f3-4c13-827a-e03248fc18c4,Neil,Pfeffer,neil.pfeffer@corp.com,825-971-1036
930660c2-ea5e-4ed6-9d0a-ee9cec728fe0,Wilhelmine,Moen,wilhelmine.moen@corp.com,581-247-6109
93537d7f-6943-4bf8-a8fb-cf99d517f176,Ferne,Orn,ferne.orn@corp.com,524-637-8109
938d7989-915e-493a-ac21-076f150342d6,Mason,Bashirian,mason.bashirian@corp.com,910-184-7365
93c8bb48-7f07-4f1e-bb7d-a5540e07f0fd,Issac,Rohan,issac.rohan@corp.com,971-061-4528
940232a2-4c7e-4401-b998-436919c34c79,Loy,Muller,loy.muller@corp.com,391-028-7645
9425d43b-6dd9-4c42-829e-24a09eaea2f8,Bertha,Hand,bertha.hand@corp.com,743-812-6951
942dd0ff-dc66-42c7-b484-ce1453a7a679,Angelica,Rosenbaum,angelica.rosenbaum@corp.com,104-351-2976
945cf50d-fe04-4f41-a2a9-164bdced5f97,Flossie,Gerhold,flossie.gerhold@corp.com,274-598-6131
946029c2-b795-4ccb-a45b-324a353e6c10,Elvis,Wolff,elvis.wolff@corp.com,634-210-5971
948bea37-514a-47ce-9400-a16342ddc846,Michele,Quigley,michele.quigley@corp.com,781-541-0629
94de74d0-c474-4847-b361-1e89197bba73,Kristopher,Stokes,kristopher.stokes@corp.com,872-106-9134
94f4442e-65eb-4fbd-aa2f-a207615b3529,Raina,Klocko,raina.klocko@corp.com,237-154-6910
94fa588e-674a-4699-ab10-4cefb6079a25,Bo,Zboncak,bo.zboncak@corp.com,458-793-2611
95948e8a-8e5d-4370-ae23-a2e379977000,Rodrigo,Lakin,rodrigo.lakin@corp.com,710-231-8564
95c8e56e-5c25-4d2f-891e-57bf4b5412df,Marian,Reichert,marian.reichert@corp.com,382-946-1751
96769dbc-5609-48ae-8721-f4bc5a3b6fcb,Laura,Dietrich,laura.dietrich@corp.com,872-163-1095
96fed004-76c1-4f24-ae56-21433462f9ad,Franco,Raynor,franco.raynor@corp.com,217-469-3108
97b7ceb4-7e0c-4d06-992a-8362cf770b07,Marian,Gleichner,marian.gleichner@corp.com,310-962-8415
97f0925b-6dfe-4830-a113-4ab33745895f,Callie,Keebler,callie.keebler@corp.com,234-810-7915
982c0b3a-03c0-48a5-a183-de84b6f136b9,Jules,O'Connell,jules.o'connell@corp.com,710-493-5821
98353284-cbff-4e9e-87c8-923c2f0de1b6,Gaetano,Hilll,gaetano.hilll@corp.com,710-982-1634
98393556-a5e9-47de-a500-2e0c66ec0392,Rosemarie,Gulgowski,rosemarie.gulgowski@corp.com,385-126-1094
994b04bb-f804-4e3c-af25-708a6cba54f1,Ludie,Nicolas,ludie.nicolas@corp.com,718-926-4310
9a299358-2654-4e7e-af62-0d0f17999295,Hoyt,Rath,hoyt.rath@corp.com,263-851-0179
9a3ffcc3-43ef-463c-82e8-2a77f1be2c94,Allen,Schaefer,allen.schaefer@corp.com,849-273-6511
9a656d76-2ed6-4742-9266-b23264234194,Richard,Gerhold,richard.gerhold@corp.com,438-597-1062
9b8f3e26-236d-4c2b-9351-47d78461d035,Oren,Quitzon,oren.quitzon@corp.com,748-632-5101
9c29379f-c059-4ba6-a13a-6433698e08bc,Ryder,Smith,ryder.smith@corp.com,872-310-6549
9cd686f5-60b5-4f4b-9c6a-6e98ca6aab57,Destin,Hodkiewicz,destin.hodkiewicz@corp.com,769-241-1058
9ce4accc-9f61-4c09-a8e3-2bd4a70fb8b7,Birdie,Osinski,birdie.osinski@corp.com,836-795-2411
9d08d5e3-44d4-4285-be2c-38bc384b4053,Theodore,Witting,theodore.witting@corp.com,101-486-5293
9d1873f0-eafe-447d-88a6-0a66deb6260c,Major,Ward,major.ward@corp.com,161-039-4728
9d25ac0a-987a-4a63-88f7-f5b0aecf3e5b,Corine,Stehr,corine.stehr@corp.com,311-054-8926
9d66bfd1-ef2c-4bb1-b845-616abf842399,Julio,Conn,julio.conn@corp.com,364-718-5210
9d7242ab-42a6-4a6b-aef5-fdc46150d526,Jovany,Lebsack,jovany.lebsack@corp.com,269-718-1034
9d95f976-9f96-460d-ba71-5cc9e57dbf30,Alia,Hagenes,alia.hagenes@corp.com,316-104-8752
9d9ae2fd-2f0e-40b2-90f5-e3a2f4131597,Modesto,Gaylord,modesto.gaylord@corp.com,681-410-3972
9da194b7-2b21-4fdd-9012-a35c01c422ac,Dana,Swaniawski,dana.swaniawski@corp.com,186-541-0793
9dd7a986-1bf7-4f9c-81d7-3f3d1666321d,Rex,Bosco,rex.bosco@corp.com,692-784-1310
9e75ec6e-f629-48b2-a0d8-cc112e2822f4,Jed,Runolfsson,jed.runolfsson@corp.com,510-879-2341
9e7c711d-83ea-4df4-838b-e04e8e4a349f,Rickie,Blick,rickie.blick@corp.com,712-381-0546
9ea5575d-fe0c-4be6-9f0a-45216023e195,Tate,West,tate.west@corp.com,110-523-9678
9ee1fb1e-722b-4ea0-a56f-dcb089426f2b,Lessie,Grimes,lessie.grimes@corp.com,102-913-8745
9f535ff9-1dc6-49cb-b7af-dc15cee3bb9d,Crystal,Luettgen,crystal.luettgen@corp.com,869-532-1107
a0848cd2-c417-4507-85a2-0f477d42e694,Bertram,Hauck,bertram.hauck@corp.com,196-738-4210
a1b0a8c1-64f8-4d54-82a5-996af827ccf1,Adriel,Jakubowski,adriel.jakubowski@corp.com,719-326-1054
a2237b5b-22d9-4002-aa4f-cc11f5ba262c,Lori,Wuckert,lori.wuckert@corp.com,197-103-5648
a2569589-4746-4e91-9c43-c7103061b27a,Dejuan,Greenfelder,dejuan.greenfelder@corp.com,574-139-6108
a26d3049-3702-4fb6-9e1e-51fb147eed10,Mikel,Hartmann,mikel.hartmann@corp.com,101-852-7463
a2b3849e-3c3f-46d1-b95f-98bb8f0e948a,Clara,Hermann,clara.hermann@corp.com,528-391-0476
a2e8ffc2-e51d-46d6-981d-0a581720f0f4,Godfrey,Kiehn,godfrey.kiehn@corp.com,710-849-5123
a2fa7eff-de29-43d2-85d1-17d213455cba,Murray,Dicki,murray.dicki@corp.com,982-651-7310
a3141ec7-715b-482c-ad9a-214fe4be350b,Myrna,Casper,myrna.casper@corp.com,657-321-4109
a3248bbe-c937-46ad-8146-6da82360d424,Eleonore,Keeling,eleonore.keeling@corp.com,724-895-3611
a34364f1-56e3-4ba7-92ce-cee9bce88ce7,Bruce,Gulgowski,bruce.gulgowski@corp.com,397-465-8210
a3995412-ca52-4d64-bfce-3f5ef3ccaa3f,Jaquelin,Borer,jaquelin.borer@corp.com,369-541-1028
a3a615f8-92d8-4d64-9644-5a883b0fee30,Eloise,Larkin,eloise.larkin@corp.com,875-101-6243
a3b52c46-00e3-4116-9eae-cb30df306ff8,Fiona,Tromp,fiona.tromp@corp.com,653-297-4810
a41ca783-fa5b-42a0-aa01-0695b86aee7b,Tania,Lebsack,tania.lebsack@corp.com,521-084-3179
a46b138d-4121-4f06-a42e-c3c554c89d8c,Esmeralda,Haley,esmeralda.haley@corp.com,625-410-9387
a49c8b2c-ce90-436b-8b6e-22f71e896766,Margaretta,Hartmann,margaretta.hartmann@corp.com,981-075-6431
a519414d-903e-45d3-bafb-e17aa076e39a,Lew,Corwin,lew.corwin@corp.com,109-728-5346
a5235cbe-b140-4156-9990-d8c6bd2d8f4e,Idella,Hartmann,idella.hartmann@corp.com,691-084-3275
a5979d32-522c-4c60-ab73-a42da8f30a01,Marcus,Harris,marcus.harris@corp.com,359-101-4782
a5a65abc-f924-4359-a1d0-cbe7742d8af1,Loren,Bergstrom,loren.bergstrom@corp.com,941-378-6105
a5b47e29-0440-41e8-aea5-1dcefa6f5492,Buddy,Mosciski,buddy.mosciski@corp.com,391-724-6581
a5d3ba5c-596a-4b57-b32d-75e457d4ea82,Yaamir,Shields,yaamir.shields@corp.com,410-361-8259
a5d4ac33-4768-4938-8465-71def29f1f5c,Linnie,Schroeder,linnie.schroeder@corp.com,934-651-1028
a5e3e84c-00f0-4f3d-9fcb-ee27ff9c46d4,Heaven,Kirlin,heaven.kirlin@corp.com,759-623-1048
a64a1f6c-01ca-4c2c-92c3-0f59c7aa1ef8,Mckayla,Kreiger,mckayla.kreiger@corp.com,961-104-7823
a64c1e77-50e0-4e61-af3b-0fcbcf0bac9a,Vladimir,Jaskolski,vladimir.jaskolski@corp.com,632-174-9108
a655b5c9-ef37-419a-9852-d94f49060cd4,Rudy,Harris,rudy.harris@corp.com,951-243-8710
a6c0a3e9-9f1e-42b7-8425-bfd36ad30839,Jolie,Wolf,jolie.wolf@corp.com,621-015-7438
a6cd998d-5bac-4d9a-a89a-9c7d95c4e05e,Winnifred,Corkery,winnifred.corkery@corp.com,516-973-4810
a6edaff3-a267-4969-b542-f4f4b8ef2ce7,Ardith,Deckow,ardith.deckow@corp.com,371-094-8521
a70cd923-d584-40c8-ad33-0dc992763035,Brandy,Wilkinson,brandy.wilkinson@corp.com,461-783-9510
a70cff9b-8080-4839-9eed-c3802514f653,Velva,Welch,velva.welch@corp.com,784-311-0925
a7261343-4c5f-4209-af5b-17276248f3fe,Renee,Hansen,renee.hansen@corp.com,125-710-3469
a7784128-e82a-43d1-8ddf-05ab25016398,Moses,Harris,moses.harris@corp.com,271-948-1035
a7f19972-d829-470f-921e-b7bec2d0cd39,Amina,Abernathy,amina.abernathy@corp.com,543-610-2781
a7fb73a3-270d-4311-bd96-ee1c37b7f1ca,Grover,Bosco,grover.bosco@corp.com,861-093-4172
a82a98bc-aa56-4236-a223-f88c0904a530,Titus,Pagac,titus.pagac@corp.com,693-710-4281
a8954bbd-3ec7-4feb-922b-6b4fd14b3ad3,Reid,McLaughlin,reid.mclaughlin@corp.com,102-561-9743
a91205bd-e80f-4cb6-9904-2ab5e404d84e,Randall,Wisozk,randall.wisozk@corp.com,461-089-7351
a93a23ca-1a7c-4ad9-91e6-99ed2474855d,Grace,Pacocha,grace.pacocha@corp.com,964-871-3210
a94b10a9-c1ba-4625-b16c-f6455775651f,Vickie,Greenholt,vickie.greenholt@corp.com,103-452-6987
a96b1ed9-bc0a-43da-a883-27e78d2611b6,Ernest,Pfeffer,ernest.pfeffer@corp.com,437-659-1018
a9aca25a-3b56-48c8-a7da-2d380f14d3db,Theodore,Kovacek,theodore.kovacek@corp.com,517-210-9634
aae7d9c3-cb6a-43be-9228-e6537ce3b1b7,Horacio,Glover,horacio.glover@corp.com,716-591-0843
ab235030-7c06-4214-bc41-ecd88dfa62a0,Edna,Thompson,edna.thompson@corp.com,526-310-7498
ab703c30-10ef-4580-a629-7f446ef9cec2,William,Towne,william.towne@corp.com,295-378-6141
abb3d524-c862-4098-a697-f26c9ea70254,King,Moore,king.moore@corp.com,648-310-5917
abe3355a-b14e-4b69-87a2-d0dc0cf168dd,Jade,McKenzie,jade.mckenzie@corp.com,103-725-9186
ac0b4832-0cfe-4e9d-b7a5-3d77dc88437a,Onie,Kilback,onie.kilback@corp.com,864-927-5103
ac24298f-8dc0-4a75-8094-b089145d4fe8,Finn,Ratke,finn.ratke@corp.com,435-796-2810
ac27eb1b-4405-4ab0-97d1-a95f8d556655,Elouise,Turner,elouise.turner@corp.com,825-461-0379
ac6627fc-2b9e-4471-bf88-ad9de86d2672,Jeffrey,Ernser,jeffrey.ernser@corp.com,510-318-2479
ac7394ff-3f5a-4138-a5f3-966a2182397a,Salma,O'Reilly,salma.o'reilly@corp.com,832-716-9104
ac75a33f-2056-46c9-ba76-5e385af675ed,Bertram,Lindgren,bertram.lindgren@corp.com,981-021-6375
ac95ad3b-f59d-472f-95d0-e7cff298d90e,Dane,Kerluke,dane.kerluke@corp.com,104-836-2157
ac9b2ee1-a941-46e9-b77b-fbd03a5e0f1b,Florence,Feeney,florence.feeney@corp.com,291-038-1456
ad527b5d-81b9-4a61-9501-17d2c236e366,Tiana,Hills,tiana.hills@corp.com,921-017-8543
add32340-f6f7-4b88-bbd3-29ce9de690d5,Hallie,Heidenreich,hallie.heidenreich@corp.com,110-934-7685
ae291ab3-9528-4abb-80ec-944b752b5503,Donny,Cole,donny.cole@corp.com,171-089-5632
ae2cfdd6-0de5-483a-a8d9-6b49c12a7c90,Janick,Block,janick.block@corp.com,689-102-4753
ae48ddaa-2480-48ba-9085-9fb345bfe541,Celia,Schroeder,celia.schroeder@corp.com,341-786-1059
aedb9964-d1cd-4d46-864b-233722751b81,Tristian,Keeling,tristian.keeling@corp.com,593-108-1467
af2e7570-b9ee-4bbe-bb2c-c34582849273,Matilde,Borer,matilde.borer@corp.com,528-469-7110
af4bdca2-ce7b-490d-8a9a-7327f14c8469,Emmanuelle,Anderson,emmanuelle.anderson@corp.com,108-963-1257
af50d9ea-b012-4d94-ad0d-8912e1097f99,Elenor,Hegmann,elenor.hegmann@corp.com,215-104-3876
af9597e0-8963-4ea9-8c20-33c32f415145,Myah,Paucek,myah.paucek@corp.com,174-621-0358
b0d0d040-7f84-40c0-96dd-a8ecd9e65ae2,Adaline,Beatty,adaline.beatty@corp.com,910-251-4867
b11c805e-fb8c-4c2e-919a-1ac8d2d76869,Graham,Morissette,graham.morissette@corp.com,469-827-5110
b17fd4a7-4ed2-4fa9-84bd-fd8742c568b2,Maureen,Ritchie,maureen.ritchie@corp.com,214-310-7658
b183b3bc-5959-41b9-9d5a-6d196b66ab5a,Lane,Kiehn,lane.kiehn@corp.com,879-106-2513
b1b81e28-693c-46b0-a8c0-78007a683648,Alene,Macejkovic,alene.macejkovic@corp.com,589-102-3461
b1bee56a-0fa6-4b26-a69c-c451483503c4,Kaya,Luettgen,kaya.luettgen@corp.com,921-071-3468
b1bfda53-a2f6-47b5-b78b-732d9d0d8bef,Donny,Hamill,donny.hamill@corp.com,967-324-1105
b1c56144-5014-46d3-89e5-bb81183afd59,Javon,Gorczany,javon.gorczany@corp.com,831-710-2695
b1e552f8-f045-4b33-9ed3-37e9eb953580,Tomas,Stamm,tomas.stamm@corp.com,236-854-7101
b24b0731-7e6a-41be-8f94-e1e5de9c7e80,Leola,Boyle,leola.boyle@corp.com,643-189-1025
b24d45cd-6b1c-4d4a-bdff-515b50710f07,Terrance,Kilback,terrance.kilback@corp.com,782-436-1019
b26b017b-ba8d-46aa-8a78-370eac3cc1ed,Ernie,Heller,ernie.heller@corp.com,375-421-0916
b28ecf44-f806-40ad-bce0-35fff71611a5,Onie,Miller,onie.miller@corp.com,102-658-3749
b2ef6f67-1529-4acc-9a5a-3d145baac0f6,Steve,Hegmann,steve.hegmann@corp.com,193-510-7684
b2f7a294-7676-48ab-925a-014922eebd60,Josefa,Bayer,josefa.bayer@corp.com,975-213-6108
b37905d3-3dad-45b0-ace9-2243120b2b67,Aleen,Rogahn,aleen.rogahn@corp.com,458-102-3671
b4155e75-c1c6-499b-b52e-d19eb554c31d,Richard,Heathcote,richard.heathcote@corp.com,837-109-6415
b433efb1-16ae-4f30-952c-dc448c07d282,Aimee,Schumm,aimee.schumm@corp.com,624-785-9311
b44c0703-f77f-4de9-8246-2d8856df8b49,Vanessa,Raynor,vanessa.raynor@corp.com,109-723-5861
b46ebf0f-3ddb-45e5-83da-3a1ca9bb78a7,Linnea,Bartell,linnea.bartell@corp.com,496-357-2108
b4b31f89-7df4-413c-93d8-4496fad96d25,Martina,Waelchi,martina.waelchi@corp.com,832-149-6105
b4db6796-dbff-4e46-8978-48eae6d85fec,Lamont,Kuhn,lamont.kuhn@corp.com,410-753-1296
b56138de-4fb1-49d9-b367-8949c4e8e263,Telly,Feeney,telly.feeney@corp.com,275-689-3101
b56bbbf0-993a-490e-a963-cce5161125b8,Eugenia,Buckridge,eugenia.buckridge@corp.com,843-519-7102
b5b68fd7-7a4b-4314-9460-f409ebce23d9,Nicolette,Dicki,nicolette.dicki@corp.com,269-731-5841
b5ddc14b-9f86-4026-a402-0ae258c7e48c,Colt,Zulauf,colt.zulauf@corp.com,961-057-2831
b65d5820-9d45-466a-b3d6-b09678473bbf,Bret,Schmidt,bret.schmidt@corp.com,418-397-6102
b74f17e8-2917-4f1d-997d-622c2f0d2f0a,Joyce,Luettgen,joyce.luettgen@corp.com,986-375-1421
b752aa9d-ef0c-4759-ae8c-85ef7a0e03dc,Leone,Wilkinson,leone.wilkinson@corp.com,463-821-5109
b76c2785-13af-4022-9729-df1e5f9d070e,Brant,Muller,brant.muller@corp.com,236-481-0951
b77d0884-1f53-4138-9999-35740693e863,Madalyn,Gerhold,madalyn.gerhold@corp.com,981-014-7635
b78cdd42-c662-44d4-b6f7-e14c286d7da5,Mertie,Morar,mertie.morar@corp.com,316-109-4285
b794c8a4-4c0e-4213-ab75-08bd35a9e430,Malika,O'Kon,malika.o'kon@corp.com,913-105-8476
b831c40e-9bdf-40fb-a725-078017f05a44,Clark,Waters,clark.waters@corp.com,103-891-5672
b8f837ff-a072-4f93-a9e4-4b8f22015b53,Mallory,Wehner,mallory.wehner@corp.com,102-658-1734
b92db7f2-242f-422c-8ede-bde1df64c971,Cortney,Olson,cortney.olson@corp.com,511-087-6239
b93220b5-1066-4719-9a37-a52cd8206d5f,Mya,Grant,mya.grant@corp.com,521-791-0843
b9b8f1db-cf1f-4c3c-b764-df26c6992999,Pamela,Kuphal,pamela.kuphal@corp.com,110-974-2836
baa829b4-edee-48c1-a33f-ab449f8c50a0,Assunta,Swift,assunta.swift@corp.com,210-734-1865
bb08dbac-851e-4593-bc0b-b9df30ee3802,Mina,Hilll,mina.hilll@corp.com,312-104-6759
bbc07496-1b4b-45ed-a3c9-0b75dddf8926,Mireya,O'Keefe,mireya.o'keefe@corp.com,946-135-1078
bcd2796f-3b4c-4f4f-9860-0c992f3d5155,Gregorio,Shanahan,gregorio.shanahan@corp.com,741-012-3865
bd175920-15e3-4f73-acac-baf3a8d1f4b4,April,Schneider,april.schneider@corp.com,152-386-4107
bd2400dc-cd9f-4241-a7c2-14517c80afd8,Deion,Strosin,deion.strosin@corp.com,193-625-1084
bd4b3ca9-7e32-4050-9259-ccba7011d5c0,Zane,Brekke,zane.brekke@corp.com,472-583-1691
bd6026c3-48c4-44a3-8ec0-69c920ebe1c9,Mikel,Miller,mikel.miller@corp.com,827-359-1410
be12f0b7-4432-4684-8617-22541fadaeba,Johnson,Hudson,johnson.hudson@corp.com,476-589-2311
be2b780a-f3a1-498e-b6c3-0e8b92e0fba8,Raphael,Prosacco,raphael.prosacco@corp.com,475-361-2810
be801762-cb8e-495b-a8b8-37c252919751,Milford,Will,milford.will@corp.com,698-132-7105
be80f263-bb21-4a36-a28b-b6f481a4561d,Emory,Reynolds,emory.reynolds@corp.com,987-642-1035
beb4396e-d17e-424a-bfa9-b4d5c6fd3d49,Bridget,Mitchell,bridget.mitchell@corp.com,101-697-4285
bee92229-e8e1-4f24-9333-5eec95b16bb1,Neoma,Beer,neoma.beer@corp.com,510-326-4987
bee960e9-dd15-4648-b140-95cbb7c30854,Miles,Schumm,miles.schumm@corp.com,198-410-5327
bf0ac573-eeaa-459d-bd29-e7072a44a741,Ben,Moore,ben.moore@corp.com,851-013-2746
bf129216-351a-457b-a5b6-f097e1c608e9,Aracely,Nader,aracely.nader@corp.com,652-389-1471
bf3d6fc1-40f6-4a2b-bfc1-1186899bbdf1,Jessie,Kautzer,jessie.kautzer@corp.com,978-562-1034
bf5e97af-732a-4459-8bcd-2e1adb2b4ac0,Kale,Durgan,kale.durgan@corp.com,942-165-7108
bff20a28-0953-4000-ac9b-d3219b582c3c,Marilyne,Runolfsdottir,marilyne.runolfsdottir@corp.com,764-191-0835
c0418633-2219-40e7-9063-cc6fdb41d64a,Kelley,Kuphal,kelley.kuphal@corp.com,957-310-8621
c0bb6e2d-e540-4e2e-8787-0cd18a583438,Ellen,Deckow,ellen.deckow@corp.com,106-319-4875
c0d48938-9d08-4ca7-b9c8-48ae0836730b,Pedro,Abbott,pedro.abbott@corp.com,721-085-3614
c1020519-56a0-4c7c-af0f-13eb279a55cd,Geovanni,Dach,geovanni.dach@corp.com,523-181-0974
c12e19aa-cf42-49e4-9a04-67c40408512e,Newell,Brekke,newell.brekke@corp.com,161-054-2879
c140f27e-7f78-41b9-a69e-d8c9b43997bd,Aletha,Jenkins,aletha.jenkins@corp.com,587-109-2143
c1842b7a-0175-45cc-86f3-77e1e57f533c,Elvera,Gutkowski,elvera.gutkowski@corp.com,267-105-3418
c1981eef-afda-4dfa-9e0c-2d98eb026707,Kendrick,Kunze,kendrick.kunze@corp.com,427-106-8931
c1d185bb-a1f4-4c1e-8e08-1fa71c333721,Tracy,Bergstrom,tracy.bergstrom@corp.com,810-691-3452
c1e4e8cd-3aad-4c3c-b74c-ef818998dc97,Herta,Douglas,herta.douglas@corp.com,476-512-1083
c20a9bd5-4238-4309-bd4b-ec5b62215b46,Deontae,Jones,deontae.jones@corp.com,538-496-1021
c21b4922-4d6c-4bcb-84db-7bbfc75b01de,Queenie,Koepp,queenie.koepp@corp.com,681-234-5791
c293b153-ba29-4153-8f78-a08fe17ea879,Verner,Renner,verner.renner@corp.com,102-491-7853
c2b4b18c-d49e-4e9b-8713-037cb5f24627,Moriah,Jacobs,moriah.jacobs@corp.com,531-096-7142
c3156edf-fd70-41bb-9856-40fe24f98ab2,Malika,Wolf,malika.wolf@corp.com,154-739-6108
c3b6ee4b-1b18-4884-be96-ad961029949f,Romaine,Terry,romaine.terry@corp.com,257-148-3610
c410933c-9652-43ab-9861-a6aa1dd5c9fa,Timmothy,Greenholt,timmothy.greenholt@corp.com,791-610-8324
c47925b0-2e73-43d8-8a16-bec9ce89af97,Kristin,Torp,kristin.torp@corp.com,310-218-9547
c4a5e7a3-a407-4934-ac73-05aa2dc6fa2c,Blanca,Monahan,blanca.monahan@corp.com,104-791-5862
c4a94b08-7149-4c9a-81e0-3a0a2dbe918d,Justina,Nienow,justina.nienow@corp.com,763-195-4821
c4d42e0c-cf9b-4b19-8ca6-8e969f171d24,Madalyn,Collins,madalyn.collins@corp.com,917-581-0623
c60ee4a0-6e4a-42d8-9e27-94c148ebafa2,Shyann,Larson,shyann.larson@corp.com,264-715-1093
c62af823-be93-4465-ac38-601129c37376,Rodger,Armstrong,rodger.armstrong@corp.com,310-291-6845
c658a366-b4be-4e91-afb6-816a1c7afaaf,Eda,Rolfson,eda.rolfson@corp.com,456-102-1983
c65f00eb-cca8-4682-a91b-3c04adb73a4f,Graciela,Turner,graciela.turner@corp.com,673-241-0581
c703867d-db40-43f2-9398-059a8d865608,Nathanial,Dicki,nathanial.dicki@corp.com,168-729-4531
c7115cd1-fb5d-49ed-9d38-163e70881354,Colton,Windler,colton.windler@corp.com,109-618-5342
c741651a-907d-46f3-8eee-c7021ece43f0,Brook,Rempel,brook.rempel@corp.com,631-748-9102
c752242e-8365-4a21-9675-63b71bd05b21,Antone,Koelpin,antone.koelpin@corp.com,210-413-9567
c7b859b0-ec64-4e9c-973a-31886cf85184,Dasia,Heathcote,dasia.heathcote@corp.com,945-610-2783
c7f554d5-bd4f-4217-91dc-aa55ff57081d,Carolyn,Nitzsche,carolyn.nitzsche@corp.com,218-495-7106
c83c4200-8d86-490a-ae3d-b326fcc60b98,Willis,Nikolaus,willis.nikolaus@corp.com,485-316-7910
c904e0ee-d1c7-45d3-94e1-2f31f1aaf6e9,Eloise,Davis,eloise.davis@corp.com,715-921-0834
c92edc87-dd38-4341-bc9b-a5a78ddcc8cc,Elvis,Blick,elvis.blick@corp.com,634-102-8571
c9518794-ded4-4655-9ce0-dc9af06ba8d7,Garry,Kilback,garry.kilback@corp.com,685-372-4101
c991f7e3-e63e-4dbc-b0a3-8e28a1809090,Jo,Feil,jo.feil@corp.com,769-514-2310
c9fb1ddc-a8eb-44a8-86a2-eb92ceb25eb5,Avis,Fay,avis.fay@corp.com,976-483-2105
ca4aa305-0aa4-43fc-ab1c-8b5ec0ad0794,Domenic,Rau,domenic.rau@corp.com,231-876-4591
cac5a243-dd5d-4fe3-84ad-9a48f6581f1a,Nickolas,Bednar,nickolas.bednar@corp.com,517-429-8103
cc3268ae-12d1-484e-a8f3-7622538da40f,Jakayla,Bashirian,jakayla.bashirian@corp.com,819-357-6410
cc497924-cb1a-4a7f-bb54-998ceb16dc9b,Zachary,Bahringer,zachary.bahringer@corp.com,895-432-6711
ccadaa0c-367d-49e7-a18f-a3dee1aaf2b8,Owen,Huels,owen.huels@corp.com,917-358-1064
ccc8dd8c-9f63-4ded-8a43-95258c24492b,Forest,Olson,forest.olson@corp.com,457-298-6310
ccd1fade-935f-4e28-b0a8-3c3aa5dd82cf,Wiley,Hills,wiley.hills@corp.com,165-102-3978
cd9bc3ae-96c2-4696-a311-f778bdcce851,Alexa,O'Connell,alexa.o'connell@corp.com,943-105-8216
cd9cde95-30f4-45a2-b70a-07e8441ba6c4,Barbara,Hand,barbara.hand@corp.com,653-192-8741
cdd2a12d-dcb1-42d6-be93-ceafb7ae4183,Grady,Heller,grady.heller@corp.com,754-310-9681
cdf479ba-fde2-4493-8e5e-bf2748a85ae0,Carmella,Funk,carmella.funk@corp.com,583-104-7269
ce300366-5b64-4a62-9271-19e31a538e58,Loyal,Ernser,loyal.ernser@corp.com,543-297-1810
ce38f1f6-990b-4ebd-84ef-e276d28a90ca,Derek,Champlin,derek.champlin@corp.com,109-261-7843
ce512b7f-32a2-49ce-8f72-c2644aec4980,Maximilian,Mraz,maximilian.mraz@corp.com,910-168-4753
ce7cb85e-d97a-404e-bec2-1e499e888783,Chyna,Ratke,chyna.ratke@corp.com,710-638-9425
cefa1086-9223-444c-84d4-e8de7179eb02,Reid,Yundt,reid.yundt@corp.com,361-871-0429
cf799542-bdda-4512-90a7-253299220b11,Makenna,Paucek,makenna.paucek@corp.com,897-532-6104
cfb8f646-f93c-47c2-b34f-4915f7c5109e,Johanna,Kirlin,johanna.kirlin@corp.com,574-629-8131
cfe6ca5d-8bbc-4090-9e9a-a81ea40ae897,Sallie,Gleichner,sallie.gleichner@corp.com,101-498-3265
d044b7c8-008d-4bce-b9f1-6248c820539a,Blake,Beer,blake.beer@corp.com,219-637-8410
d07aa571-5e44-4edf-b443-5dfefd93ce59,Jarred,Padberg,jarred.padberg@corp.com,351-941-0867
d09b0c67-2ff9-4acb-8c6d-d1f121c87618,Marc,Strosin,marc.strosin@corp.com,245-710-3689
d0d8eea2-68bd-4582-9852-f9d35a0c9ece,Forrest,Abernathy,forrest.abernathy@corp.com,762-938-5411
d11e2240-3292-47e2-82cc-e34740ab5d36,Madison,O'Connell,madison.o'connell@corp.com,417-982-1063
d130f248-adc4-46f2-aa5d-2486bace4ae5,Alexanne,Bergstrom,alexanne.bergstrom@corp.com,713-249-6581
d15e4a87-e9ee-4de6-b428-5d9f6bf27d97,Bradford,Kshlerin,bradford.kshlerin@corp.com,821-346-5109
d17048d2-e99f-4c9d-ab30-0b9d539d6130,Josephine,Hammes,josephine.hammes@corp.com,231-869-7451
d1d2a0ea-8b31-499f-af80-875bb74eb70b,Vanessa,Heathcote,vanessa.heathcote@corp.com,491-071-3852
d2eb13ae-e224-4d1d-bd39-9547dd89ffbd,Sean,Schuppe,sean.schuppe@corp.com,648-953-1107
d331521e-2823-42ef-b435-21a1bc5a6844,Sandy,Homenick,sandy.homenick@corp.com,529-861-0173
d35ea6d4-2d8d-4d5b-b82f-c7b4739ab227,Friedrich,Pouros,friedrich.pouros@corp.com,835-647-1921
d36d2e2c-7719-43cb-8236-167ab00ee02a,Bobbie,Schinner,bobbie.schinner@corp.com,987-235-1461
d39543ca-5fbf-4f6a-9d96-9753ab454f95,Blair,Walker,blair.walker@corp.com,184-931-0625
d4711c2b-e210-45c4-9810-7b9ab77b0f27,Rosamond,Kling,rosamond.kling@corp.com,421-865-1097
d4a87d8e-965f-4607-8957-de9a26f763c8,Lessie,Wiegand,lessie.wiegand@corp.com,310-792-5184
d506d0ba-3eab-4dc9-9af4-75d22f087d9b,Athena,Abshire,athena.abshire@corp.com,496-317-1028
d52c972c-43c8-4874-9b47-7109fd72c635,Kole,Kassulke,kole.kassulke@corp.com,826-953-1047
d5554074-9769-458a-9b93-4efee06c5875,Francisca,Feil,francisca.feil@corp.com,394-675-1108
d58822ae-f6a5-4f3d-a0b0-e0562557d4b0,Evangeline,Blick,evangeline.blick@corp.com,681-029-5347
d5bd9fcf-fd01-47eb-84b0-780c9e5e052d,Michel,Stroman,michel.stroman@corp.com,137-841-0529
d64c8d2f-5d85-4e94-a2eb-2d0d3f268f0e,Oleta,Stracke,oleta.stracke@corp.com,764-352-8910
d67d2d59-a8f7-49e7-971b-fc16b5e24157,Mara,Brown,mara.brown@corp.com,106-142-5873
d67eae7e-da24-4ea5-b6ce-a0902691e4b8,Mariana,Harris,mariana.harris@corp.com,721-310-6984
d72d1255-de3e-48e5-89d1-e37aef5d699b,Darien,Durgan,darien.durgan@corp.com,861-493-7521
d80298ff-8f28-4dbe-acb1-825d11d4cb70,Rachael,Nolan,rachael.nolan@corp.com,489-361-1025
d8404f2f-912b-40be-8024-71565c408529,Rene,Upton,rene.upton@corp.com,428-719-6351
d84caa37-3a3b-4bbc-8460-f5847b8c4451,Twila,Huel,twila.huel@corp.com,104-173-6925
d84cc66e-7e9f-4afe-a313-1b7278ed33ec,Freda,Stoltenberg,freda.stoltenberg@corp.com,613-245-1087
d8623d4a-2196-4986-8515-b48b339fbc9d,Libby,Kunde,libby.kunde@corp.com,623-759-1014
d87e8367-b434-4abd-82b8-7172ea2becc2,Angel,Treutel,angel.treutel@corp.com,697-102-4158
d8d0327e-b289-4763-abfd-201f548854ab,Edythe,Considine,edythe.considine@corp.com,586-394-2171
d9021982-7f05-4cf8-9374-ee9816cb9a29,Leonel,Runolfsdottir,leonel.runolfsdottir@corp.com,479-531-0162
d9029e71-fb09-4143-acc7-16b7843a6872,Jarod,Lueilwitz,jarod.lueilwitz@corp.com,491-035-6218
d9b5feb5-5fa4-4e26-9863-b661d6401635,Vivienne,Nolan,vivienne.nolan@corp.com,139-582-1076
d9c585d9-a30a-4260-b8d3-fc0a75b44c06,Garfield,Gerlach,garfield.gerlach@corp.com,625-934-1078
d9c5939b-fc0b-4bc6-9405-d19b1ab70f99,Orpha,Hackett,orpha.hackett@corp.com,679-135-4281
d9db1b92-682c-410b-9f83-8d02e2514c07,Stacy,O'Conner,stacy.o'conner@corp.com,251-073-6894
d9e7580b-a191-497f-87eb-4db1cbe80d2e,Maxie,Mayert,maxie.mayert@corp.com,647-101-5829
da428318-d072-46a1-82db-2126c6072a05,Mazie,Haley,mazie.haley@corp.com,107-431-2685
da634c5a-0e8d-444e-8439-c5ea913a6c32,Alexandrine,Rodriguez,alexandrine.rodriguez@corp.com,109-386-1457
dadcdfb9-cc01-4d10-8457-b84c0960da77,Bobby,Borer,bobby.borer@corp.com,532-106-1849
dadff1c3-9091-49f0-9ff6-0d8f42d4ff2c,Mandy,Block,mandy.block@corp.com,837-245-6110
dafd4a0b-e49c-4b78-8fb7-4e8aa1ffecbc,Glennie,Orn,glennie.orn@corp.com,829-731-0561
db21b371-e8bd-4ec3-9f41-d4b71742f64c,Trystan,Schamberger,trystan.schamberger@corp.com,396-107-1452
db32c0dd-0e0f-4538-91b0-bc93f0f45d91,Albin,Simonis,albin.simonis@corp.com,826-915-7104
db9f936d-c63a-447d-9298-6ca730a723d1,Max,Jenkins,max.jenkins@corp.com,342-981-0657
dbe60242-d1b9-40d3-9156-c058154e58a4,Kacie,Gibson,kacie.gibson@corp.com,731-056-8124
dc3d3cf0-d521-42ec-a44f-24593958834a,Jermaine,Kuhic,jermaine.kuhic@corp.com,946-831-0175
dcaab548-5296-4872-99c1-2d63b3e0227f,Rusty,O'Kon,rusty.o'kon@corp.com,937-452-8161
dcc11981-8416-4136-9109-8df8672889fd,Denis,Kovacek,denis.kovacek@corp.com,865-417-1092
dd952284-ad1b-46d8-b79e-d39775dcd8ff,Baby,Keeling,baby.keeling@corp.com,619-810-7452
ddc7bb54-8355-4de7-bc82-591c876485d0,Wendell,Okuneva,wendell.okuneva@corp.com,918-710-2463
de0f87fd-467e-4bf2-b187-c7c4d7cf50fa,Bethany,Bradtke,bethany.bradtke@corp.com,151-043-7829
de2dbe92-ffec-4b84-9b64-fbba9bae8a1e,Jacinthe,Harber,jacinthe.harber@corp.com,178-610-4592
de3e8d04-466f-4908-ad80-48e7921f4e17,Narciso,McCullough,narciso.mccullough@corp.com,368-910-7412
de651707-ed11-4ed8-89a9-125b31e9792f,Enola,Batz,enola.batz@corp.com,459-110-2678
df38eaa0-ddac-40d6-8882-0011b02308c0,Janick,Willms,janick.willms@corp.com,537-910-6184
df743ced-dcff-46ff-aa18-84d91a1a356b,Francisco,Gorczany,francisco.gorczany@corp.com,724-810-6513
df9048f4-ce02-4de7-a1c2-f9b12a5e8304,Kolby,Stehr,kolby.stehr@corp.com,108-392-5174
dfaddbb2-f4f7-4eea-98aa-bb854a70f288,Aida,Jacobi,aida.jacobi@corp.com,210-796-1384
e00a22b8-7fdd-498b-aef6-f2768d9babc6,Shayna,Torp,shayna.torp@corp.com,543-678-2910
e0ce2ebc-42d7-48a6-a829-14ad9b48b59c,Kara,Bruen,kara.bruen@corp.com,210-175-6984
e197b104-b22c-4251-acab-3f4ec0fc4331,Mya,Sauer,mya.sauer@corp.com,275-834-1091
e1aa2a95-19bf-40f1-9578-b53190d0037f,Justus,Wunsch,justus.wunsch@corp.com,102-679-4835
e1d8c591-83eb-4c80-b45e-9a2d8b58c957,Brionna,Cruickshank,brionna.cruickshank@corp.com,261-073-1948
e1e5c5d2-4577-43f7-ac91-9fdf0c07743f,Name,Witting,name.witting@corp.com,841-957-6103
e21a86d6-805b-460d-bad3-7a64ca4fbc1a,Retha,Rath,retha.rath@corp.com,895-213-4761
e22a71fb-3de3-4a0f-bf2c-d9448a3e06a5,Nicola,Kub,nicola.kub@corp.com,762-101-8349
e22b29b0-c2c4-4d52-810c-73a5667c6926,Kenneth,Ryan,kenneth.ryan@corp.com,109-715-3264
e2386d33-f123-4b0f-9465-5b08418f322e,Maxime,Bode,maxime.bode@corp.com,610-489-3217
e243dc07-10c9-4f03-a0d8-cdede6a2923c,Remington,Schoen,remington.schoen@corp.com,452-108-6931
e266ae4a-47dc-42d3-a16e-8f8ebf53712a,Dannie,Gerlach,dannie.gerlach@corp.com,792-548-6311
e2b8823f-4a09-4dee-a826-7a8a84fd0fb1,Kattie,Effertz,kattie.effertz@corp.com,542-361-0197
e31a52c2-e926-4340-8298-0528ea6b2c3c,Etha,Schamberger,etha.schamberger@corp.com,910-327-5846
e34a4be8-9c4a-44b2-8d1e-b3e13bb9b70c,Jerad,Witting,jerad.witting@corp.com,341-015-7896
e3a03815-b86b-4fce-aef4-18e8342a51e5,Ernesto,Yost,ernesto.yost@corp.com,694-210-5817
e3b408c4-f867-4fda-aa3a-179dd029c565,Jacky,Balistreri,jacky.balistreri@corp.com,241-093-6571
e41f0172-cbee-4245-b948-f20a54e336e2,Tyrell,Beahan,tyrell.beahan@corp.com,279-386-1541
e495a9fd-d980-4348-b338-c3a8164e7632,Laury,Turcotte,laury.turcotte@corp.com,678-121-0943
e4a5b3c2-53e7-4a09-a727-c6b8d7abc416,Dewayne,Luettgen,dewayne.luettgen@corp.com,376-948-1105
e4f7aea2-1977-4c58-9b60-5635903c0d33,Rose,Lakin,rose.lakin@corp.com,379-241-1065
e5572746-8579-4e0e-b4b3-45a4ad40b5d7,Alejandra,Schamberger,alejandra.schamberger@corp.com,110-359-6472
e5d875ab-bcb1-4144-8a5f-f80adea17e22,Era,Hammes,era.hammes@corp.com,874-295-1106
e5dd7a8f-fdc9-4795-be20-28c9f5eedb19,Mylene,West,mylene.west@corp.com,198-510-6273
e609b1c7-0fe4-4ee6-aef0-428b721c8581,Anabelle,Denesik,anabelle.denesik@corp.com,721-104-9653
e617593e-e0be-4853-92d3-870fbbf760c3,Dean,Daugherty,dean.daugherty@corp.com,961-078-3245
e67214b7-ae66-4d89-9bde-d3c9ec0bfe30,Anabel,Witting,anabel.witting@corp.com,859-236-4107
e67d7677-8b74-48ff-bf3e-b4046204a507,Alexandro,Watsica,alexandro.watsica@corp.com,851-692-3104
e69e19f3-0017-4a2b-b72c-eba4ba3a6995,Tony,Gerlach,tony.gerlach@corp.com,251-861-0394
e6e3ffdd-f843-4e59-aa9c-20a516bf85ee,Kip,Moore,kip.moore@corp.com,285-146-1093
e71eae77-f10c-416b-8597-cb1a3ee565df,Laron,Kub,laron.kub@corp.com,715-104-2639
e7bbee07-214f-49d1-a7c8-f999333d3932,Neva,Lockman,neva.lockman@corp.com,678-924-5101
e7d71cfb-804a-4293-8ba4-732127ee6114,Sierra,Johns,sierra.johns@corp.com,395-728-1016
e7d79c40-540b-4553-b702-467fb6cb4c40,Otto,Erdman,otto.erdman@corp.com,126-510-3748
e7ee44c7-b1b8-4863-b2f4-1e54a45bc88e,Shayna,Rempel,shayna.rempel@corp.com,842-376-5911
e7f80374-801e-456a-9a9b-ea74ac236cf5,Humberto,Ledner,humberto.ledner@corp.com,145-691-0837
e8267d91-50d8-4798-84b4-1294e57fff8d,Juana,Casper,juana.casper@corp.com,231-017-8965
e82fb689-9c75-4baa-9935-b88b35eb0989,Otis,Feest,otis.feest@corp.com,239-810-5176
e876c744-e62e-491d-846e-e8aa18371607,Carlee,Romaguera,carlee.romaguera@corp.com,105-319-8742
e8cc2fd7-dd7b-4206-b511-e4b178947448,Milford,Wyman,milford.wyman@corp.com,974-318-1056
e913bff0-6bf4-474b-ad50-acad408751d9,Demarco,Kunde,demarco.kunde@corp.com,412-510-7936
e9bb9161-7afc-4a86-807b-dc60c2fbe990,Fredrick,Mante,fredrick.mante@corp.com,361-429-7510
e9bec0b7-f90a-4e06-93ad-1bf25b3c8347,Alyson,Konopelski,alyson.konopelski@corp.com,247-910-5618
e9ca4f89-9b92-49cd-9957-4ff411585b42,Kaley,DuBuque,kaley.dubuque@corp.com,213-108-9746
e9dc8be7-8e6b-4670-8942-f1248d01ed8d,Desiree,Grady,desiree.grady@corp.com,813-107-9652
ea143b50-3d86-436c-8a65-f07d19516369,Guy,Larson,guy.larson@corp.com,748-161-0235
ea83d6be-b208-45ff-86ac-f52c197b7342,Sydnee,Gleichner,sydnee.gleichner@corp.com,581-294-6731
ea931f3a-7b9d-4bef-92f7-73f684b44a15,Jammie,Lockman,jammie.lockman@corp.com,147-283-6910
eada147b-970f-48ef-ad61-463c55a18157,Kellie,Von,kellie.von@corp.com,253-498-1016
eaf87a78-b087-4ea6-9488-c688b9ceb115,Leif,Johnston,leif.johnston@corp.com,198-107-2463
eb2ad903-24d4-466e-b23f-4b6681a2b507,Haven,Lind,haven.lind@corp.com,287-596-3410
eb392cff-55d8-4a64-b8dd-678669f90a0f,Claudia,Wilderman,claudia.wilderman@corp.com,110-985-3642
eb79c1da-3c71-4f13-b482-e24dca8ec118,Daisy,Welch,daisy.welch@corp.com,953-186-2710
ebdb0bb2-1ab8-4100-9ee1-68f94d2eca7a,Forest,Larson,forest.larson@corp.com,675-481-2910
ec258876-04d4-4711-ae4f-a53a5d2cb333,Nola,Wiza,nola.wiza@corp.com,961-710-2583
ec3d0878-0d66-4a3b-8bbb-3db24448aed2,May,Bednar,may.bednar@corp.com,835-471-6921
ecd2d3fd-16cb-4939-b25e-98c10eda94c4,Johanna,Labadie,johanna.labadie@corp.com,619-842-1073
ecfdbf37-a2bc-4a40-9ab6-3bd6c6d82f58,Ewald,Lemke,ewald.lemke@corp.com,835-496-1102
ed85296f-ab68-4fc1-92ba-e15ba26a650e,Theresia,Kilback,theresia.kilback@corp.com,825-316-9104
eda511d9-99f1-4081-8425-5a159e2f85ab,Karli,Morar,karli.morar@corp.com,534-176-8210
eda6c489-f793-4207-8f62-057cb9f30af0,Kayley,Smith,kayley.smith@corp.com,181-074-3526
edffc44f-e150-46a5-a468-67e3e58e7989,Cornell,Anderson,cornell.anderson@corp.com,863-279-5411
ee21131e-076e-48ed-b167-3cf8c75c2ed9,Laila,Botsford,laila.botsford@corp.com,856-912-1043
ee3ef82f-87a8-4787-8e24-f2e43e7bdfb2,Neva,Hodkiewicz,neva.hodkiewicz@corp.com,481-021-7569
eecc1c66-dfce-4389-a2ae-39751636bdcd,Yasmin,Brakus,yasmin.brakus@corp.com,357-921-0864
eee1192f-02a2-4cf0-9138-fcf985808e98,Declan,Turcotte,declan.turcotte@corp.com,486-107-3291
eee11d81-ea90-4cd2-afc5-1e50685f0a7b,Alayna,Bailey,alayna.bailey@corp.com,597-101-8362
ef252146-0cb7-4560-9457-f19f73314c7e,Ayla,Mueller,ayla.mueller@corp.com,781-102-4965
ef601e80-61da-4d4b-b27e-26d20d58059d,Jenifer,Turcotte,jenifer.turcotte@corp.com,948-671-0531
ef936711-877f-4794-a49c-4ae0525ef16f,Antwan,Schowalter,antwan.schowalter@corp.com,259-137-6841
effd2bed-6c9b-4d49-befa-79c770171415,Kiana,Towne,kiana.towne@corp.com,439-651-0218
efff6016-f328-44dc-a71d-99ad5426410f,Barton,Glover,barton.glover@corp.com,784-192-6531
f0892b6b-15b6-4c65-a260-32bacb622df7,Stefanie,Torp,stefanie.torp@corp.com,106-732-9518
f126a952-f8c9-4377-b21a-642d7c898c90,Barbara,Mann,barbara.mann@corp.com,812-364-7109
f1846f31-8ad3-440d-810f-342b71019043,Dominique,Hodkiewicz,dominique.hodkiewicz@corp.com,967-102-5314
f2703f8e-7ab2-4646-8d5a-b995c4629579,Pearl,Smitham,pearl.smitham@corp.com,510-796-8142
f2c5d856-0411-42a6-96ab-dcbb67e9a0b5,Moriah,Lebsack,moriah.lebsack@corp.com,124-781-0356
f3031e55-9136-4060-ba0f-2ddd0f52b5bb,Hettie,Dickinson,hettie.dickinson@corp.com,954-276-8110
f3a5c818-9fcb-4a57-8537-3106fe0964ff,Dora,Weimann,dora.weimann@corp.com,831-672-5109
f3e63bb3-a3af-4ac5-8a7f-e1f4c6bd2175,Rebeca,Herman,rebeca.herman@corp.com,398-110-2746
f402a70f-65ab-46ab-86f6-6cce374e412d,Carlotta,Powlowski,carlotta.powlowski@corp.com,258-107-3691
f4083b86-fbfb-4a0e-ac23-3da1433a38ff,Rodolfo,Bogisich,rodolfo.bogisich@corp.com,642-107-1859
f45e3587-ee15-40f5-8c8b-3d628353a59d,Katelyn,Witting,katelyn.witting@corp.com,152-107-4983
f468dc71-8968-47a8-b3a7-ccaa3848a0be,Deshawn,Dach,deshawn.dach@corp.com,846-293-1071
f577947d-707b-40f5-b77c-c81565338b1a,Louie,Schroeder,louie.schroeder@corp.com,103-217-9684
f5be1e58-bced-4c0a-a00b-df239797c5ef,Jeramie,Jacobson,jeramie.jacobson@corp.com,528-410-6317
f5c0b64f-9f73-4c69-883c-c8ef20d55445,Max,Ledner,max.ledner@corp.com,761-039-2851
f6656133-e24f-45e6-9473-61538a10c70e,Jovani,Hintz,jovani.hintz@corp.com,279-310-8651
f68d0732-0821-4fc8-9d96-e9d4221a4a43,Ike,Hammes,ike.hammes@corp.com,176-592-8103
f69c9efd-5d8d-40d1-8393-522c1d7643d0,Tracy,Boehm,tracy.boehm@corp.com,843-109-7561
f6d7a6cc-cf88-4b80-89b9-217ed9c76487,Modesta,Swift,modesta.swift@corp.com,631-029-5481
f6eea7e4-d460-4b82-8a87-c768d627855f,Boris,Waelchi,boris.waelchi@corp.com,475-291-6831
f713d0f2-c1ea-4149-85ce-14880d557350,Larue,Doyle,larue.doyle@corp.com,101-485-6972
f727e147-33d4-4786-883c-18e8e1808539,Dariana,Torp,dariana.torp@corp.com,175-924-6310
f73f2551-4b5c-4624-9b84-5f476d412a96,Ahmed,Wilderman,ahmed.wilderman@corp.com,571-610-2984
f77765a9-7e39-406d-9e56-014029f2b52d,Ransom,Weissnat,ransom.weissnat@corp.com,143-951-0687
f799f188-90b1-4c80-9cf9-3b2941d3577b,Frederique,Kiehn,frederique.kiehn@corp.com,419-108-2567
f7f1c64f-7de5-4562-ad7a-bb04b225374a,Marielle,Lang,marielle.lang@corp.com,131-056-8492
f7ff5df1-ea4c-417a-8e42-ea19e89edb2d,Brenda,Sauer,brenda.sauer@corp.com,103-896-1425
f800da82-19a2-4ea2-a45d-d51ee4f92da6,Ellie,Schiller,ellie.schiller@corp.com,142-810-7935
f89b9d77-9308-4f2e-b25a-2836ee9d8e86,Nella,Bahringer,nella.bahringer@corp.com,521-689-1073
f911b833-9534-44dc-a243-1c98a8e3855a,Shea,Hansen,shea.hansen@corp.com,710-832-4159
f991759a-66d4-4248-a33d-8fe004a47909,Rosa,Konopelski,rosa.konopelski@corp.com,861-043-7952
f9a180d5-36cb-4735-850c-5feed8433102,Jayda,Buckridge,jayda.buckridge@corp.com,981-103-6542
f9be31d4-3acd-40a8-8ce5-8cc84bbc608a,Friedrich,Walsh,friedrich.walsh@corp.com,859-436-1102
f9fe6034-bdf0-4fc7-ad81-0b2e93ee7ccf,Rollin,Goyette,rollin.goyette@corp.com,421-081-3956
fa387485-30b7-4b46-b5e6-99767eadf679,Caitlyn,Gorczany,caitlyn.gorczany@corp.com,914-107-6582
fa4cb8fb-ca40-49b2-b24b-55969b15993c,Allie,Glover,allie.glover@corp.com,597-101-8423
fa545376-348f-47ae-932d-1d76a014b2f3,Elyssa,Breitenberg,elyssa.breitenberg@corp.com,756-110-9342
fa610fb6-be4f-4f97-80d7-7d40e142c6d8,Alan,Nitzsche,alan.nitzsche@corp.com,531-097-1624
fab903a5-ee04-45b9-915c-f990a7ee522d,Ottilie,Rohan,ottilie.rohan@corp.com,410-956-1823
faf3079a-b3c6-4a3c-98ad-07cda4b56930,Rhea,Bednar,rhea.bednar@corp.com,139-610-7285
fb651399-944f-498f-ae0a-158c831da8bb,Kenny,Barrows,kenny.barrows@corp.com,628-107-3149
fb861c2c-e3b4-416e-8583-0a40248276d5,Sadie,Ward,sadie.ward@corp.com,751-210-4683
fbd76024-7a8b-42a1-b813-2cc269e56f9a,Alanna,Durgan,alanna.durgan@corp.com,341-978-1026
fc341374-b77e-4b3c-a483-38558bc78fce,Connor,Kunde,connor.kunde@corp.com,275-841-0913
fc383692-8c5c-4e37-a9b4-90f8d073b38d,Kevin,Kautzer,kevin.kautzer@corp.com,756-329-1108
fc817fb9-d8f2-453f-8de0-67d68631a431,Adeline,Hand,adeline.hand@corp.com,263-491-7581
fd0ccd13-e893-40a6-9815-e980f79249d9,Breanne,Kuphal,breanne.kuphal@corp.com,103-915-2678
fd78c03c-d045-4aa8-aebe-fd61031ff55a,Odie,Gulgowski,odie.gulgowski@corp.com,783-951-1024
fde65f03-a1f1-4877-a41e-4ccbbbee4304,Mary,Berge,mary.berge@corp.com,895-471-2103
fdefeacd-d6d5-44aa-bac5-8165d291a609,Abigale,Legros,abigale.legros@corp.com,109-347-1526
fea56359-276c-419c-8250-884fde3937bd,Laurie,Kautzer,laurie.kautzer@corp.com,389-267-1014
feafbcb3-e6e6-42d4-a34f-bbabbc35a0bf,Lucie,Volkman,lucie.volkman@corp.com,451-062-3987
fedbda8c-6252-4a6c-b8cc-5d84c7c44017,Grayson,Baumbach,grayson.baumbach@corp.com,327-841-0659
feeaa57a-b9ea-4458-af06-97f4224100a8,Ottilie,Jacobs,ottilie.jacobs@corp.com,659-824-3171
ff8a0713-cfa1-4e4f-b12b-b0e5a448bc26,Hans,Heller,hans.heller@corp.com,171-085-9346
ffa7f878-d9f7-4580-8479-b8820922495f,Lea,Jenkins,lea.jenkins@corp.com,325-861-0149
ffb0a643-d063-42a9-895a-148aab22e115,Terrence,Stoltenberg,terrence.stoltenberg@corp.com,934-857-1012
